城市,行政區,場站名稱,分群
新北市,三峽區,三峽中山公園,平穩低波動型
新北市,三峽區,三峽區公所(三峽老街),平穩低波動型
新北市,三峽區,三峽區礁溪行政中心,平穩低波動型
新北市,三峽區,三峽原住民族生活文化園區,平穩低波動型
新北市,三峽區,三峽國中,均衡流動型
新北市,三峽區,三峽國光青年社會住宅,平穩低波動型
新北市,三峽區,三峽國小(中山路),平穩低波動型
新北市,三峽區,三樹大學路口,均衡流動型
新北市,三峽區,三樹大德路口,醫院周邊－雙尖峰高流動型
新北市,三峽區,三鶯國民運動中心,平穩低波動型
新北市,三峽區,三鶯國民運動中心停車場,平穩低波動型
新北市,三峽區,中園國小,平穩低波動型
新北市,三峽區,中園國小(民權街),平穩低波動型
新北市,三峽區,中園街福隆宮,平穩低波動型
新北市,三峽區,中山科學研究院,平穩低波動型
新北市,三峽區,中華愛國路口,醫院周邊－雙尖峰高流動型
新北市,三峽區,介壽國小,平穩低波動型
新北市,三峽區,光明停車場,平穩低波動型
新北市,三峽區,光明路69巷口,平穩低波動型
新北市,三峽區,八安大橋(清水街),平穩低波動型
新北市,三峽區,北大高中,平穩低波動型
新北市,三峽區,國光街330巷口,平穩低波動型
新北市,三峽區,國慶三樹路口,均衡流動型
新北市,三峽區,國慶學成路口,醫院周邊－雙尖峰高流動型
新北市,三峽區,國立臺北大學(三峽校區),均衡流動型
新北市,三峽區,國際二國學街口,醫院周邊－雙尖峰高流動型
新北市,三峽區,大同路270巷口,平穩低波動型
新北市,三峽區,大學學成路口,醫院周邊－雙尖峰高流動型
新北市,三峽區,大德學勤路口,醫院周邊－雙尖峰高流動型
新北市,三峽區,大智中山路口,平穩低波動型
新北市,三峽區,大義三樹路口,醫院周邊－雙尖峰高流動型
新北市,三峽區,學勤大觀路口,醫院周邊－雙尖峰高流動型
新北市,三峽區,學府大學路口,平穩低波動型
新北市,三峽區,學府大德路口,醫院周邊－雙尖峰高流動型
新北市,三峽區,學成大德路口,醫院周邊－雙尖峰高流動型
新北市,三峽區,學成大義路口(學成路一),醫院周邊－雙尖峰高流動型
新北市,三峽區,安溪國中,平穩低波動型
新北市,三峽區,安溪國小,平穩低波動型
新北市,三峽區,復興民生街口,均衡流動型
新北市,三峽區,恩主公醫院,均衡流動型
新北市,三峽區,新北市客家文化園區,平穩低波動型
新北市,三峽區,明德高中,均衡流動型
新北市,三峽區,民族街78巷口,平穩低波動型
新北市,三峽區,海洋公園,醫院周邊－雙尖峰高流動型
新北市,三峽區,添福里(添福15號之33),平穩低波動型
新北市,三峽區,溪東市民活動中心,平穩低波動型
新北市,三峽區,臺北大學(音律資訊大樓),均衡流動型
新北市,三峽區,臺北大學公共事務大樓(公政大道),平穩低波動型
新北市,三峽區,臺北大學公共事務大樓(法商大道),平穩低波動型
新北市,三峽區,臺北大學商學院(尋鳶大道),醫院周邊－雙尖峰高流動型
新北市,三峽區,臺北大學商學院(法商大道),平穩低波動型
新北市,三峽區,臺北大學宿舍(學成路),醫院周邊－雙尖峰高流動型
新北市,三峽區,臺北大學懷德居木師基地,平穩低波動型
新北市,三峽區,臺北大學法學院(鳶飛大道),平穩低波動型
新北市,三峽區,臺北大學田徑場(體風路),均衡流動型
新北市,三峽區,臺北大學社科院(公政大道),平穩低波動型
新北市,三峽區,臺北大學社科院(圖資大道),平穩低波動型
新北市,三峽區,臺北大學蓮池,平穩低波動型
新北市,三峽區,臺北大學行政大樓(公政大道),平穩低波動型
新北市,三峽區,臺北大學行政大樓(法商大道),平穩低波動型
新北市,三峽區,臺北大學隆恩哨(忘憂路),平穩低波動型
新北市,三峽區,臺北大學體育館,醫院周邊－雙尖峰高流動型
新北市,三峽區,薇多綠雅社區(活動中心),平穩低波動型
新北市,三峽區,薇多綠雅社區(警衛亭),平穩低波動型
新北市,三峽區,龍埔三樹路98巷口,平穩低波動型
新北市,三峽區,龍埔介壽路口,平穩低波動型
新北市,三峽區,龍埔公園,平穩低波動型
新北市,三峽區,龍埔國小,平穩低波動型
新北市,三峽區,龍埔自行車道(民生街1巷),平穩低波動型
新北市,三峽區,龍恩公園,平穩低波動型
新北市,三芝區,三生步道,火車站周邊－通勤到達型－高滿車風險
新北市,三芝區,三芝兒一公園,平穩低波動型
新北市,三芝區,三芝兒三公園(三民街),平穩低波動型
新北市,三芝區,三芝區公所,平穩低波動型
新北市,三芝區,三芝國中,平穩低波動型
新北市,三芝區,櫻花水車公園,平穩低波動型
新北市,三芝區,淺水灣,火車站周邊－通勤到達型－高滿車風險
新北市,三芝區,馬偕醫學大學(圓環),平穩低波動型
新北市,三芝區,馬偕醫學大學(第二教研大樓),平穩低波動型
新北市,三重區,三信集英路口,醫院周邊－雙尖峰高流動型
新北市,三重區,三光國小(金滿意),平穩低波動型
新北市,三重區,三和國中(自強路三段110巷),平穩低波動型
新北市,三重區,三和慈愛街口,醫院周邊－雙尖峰高流動型
新北市,三重區,三和路四段73號旁,平穩低波動型
新北市,三重區,三和龍門路口,醫院周邊－雙尖峰高流動型
新北市,三重區,三張公園,均衡流動型
新北市,三重區,三張地下停車場,平穩低波動型
新北市,三重區,三德公園,均衡流動型
新北市,三重區,三重五常公園,均衡流動型
新北市,三重區,三重區停八停車場,平穩低波動型
新北市,三重區,三重商工,均衡流動型
新北市,三重區,三重商工(後竹圍街),平穩低波動型
新北市,三重區,三重商工地下停車場,均衡流動型
新北市,三重區,三重國民運動中心,均衡流動型
新北市,三重區,三重忠孝公園,平穩低波動型
新北市,三重區,三重棒球場,醫院周邊－雙尖峰高流動型
新北市,三重區,三重永豐公園,醫院周邊－雙尖峰高流動型
新北市,三重區,三重派出所,醫院周邊－雙尖峰高流動型
新北市,三重區,三重環河陸橋,醫院周邊－雙尖峰高流動型
新北市,三重區,三重社會福利服務中心,醫院周邊－雙尖峰高流動型
新北市,三重區,三重綜合體育館,均衡流動型
新北市,三重區,三重行政中心,平穩低波動型
新北市,三重區,三重親水公園,平穩低波動型
新北市,三重區,三重重陽公園,醫院周邊－雙尖峰高流動型
新北市,三重區,三重高中,均衡流動型
新北市,三重區,中正北路193巷(愛買三重店),平穩低波動型
新北市,三重區,中正北路25巷(交響院社區),均衡流動型
新北市,三重區,中正北重陽路口,醫院周邊－雙尖峰高流動型
新北市,三重區,中興北街175巷口,平穩低波動型
新北市,三重區,中興北街42巷17弄,平穩低波動型
新北市,三重區,中興橋(環河南路254巷口),平穩低波動型
新北市,三重區,二重國中,均衡流動型
新北市,三重區,二重國小,均衡流動型
新北市,三重區,二重埔市民活動中心,平穩低波動型
新北市,三重區,五福里(五華街),均衡流動型
新北市,三重區,仁信段平面停車場,醫院周邊－雙尖峰高流動型
新北市,三重區,仁信段平面停車場(元信一街),平穩低波動型
新北市,三重區,仁愛仁和街口,醫院周邊－雙尖峰高流動型
新北市,三重區,仁愛仁政街145巷口,醫院周邊－雙尖峰高流動型
新北市,三重區,仁愛街112巷,平穩低波動型
新北市,三重區,仁愛街422巷口,醫院周邊－雙尖峰高流動型
新北市,三重區,仁愛街458巷口,均衡流動型
新北市,三重區,仁美街/三和路四段145巷口,醫院周邊－雙尖峰高流動型
新北市,三重區,仁義街26巷,平穩低波動型
新北市,三重區,仁義街37巷元富一街口,均衡流動型
新北市,三重區,信義公園,均衡流動型
新北市,三重區,修德國小,均衡流動型
新北市,三重區,修德國小(重陽路三段),醫院周邊－雙尖峰高流動型
新北市,三重區,元信二仁愛街口,平穩低波動型
新北市,三重區,元富一街/仁義街79巷口,醫院周邊－雙尖峰高流動型
新北市,三重區,先嗇宮,平穩低波動型
新北市,三重區,光復中興北街175巷口(西北側),平穩低波動型
新北市,三重區,光復興德路口(東南側),均衡流動型
新北市,三重區,光復路一段15巷口,醫院周邊－雙尖峰高流動型
新北市,三重區,光復路一段99巷口,均衡流動型
新北市,三重區,光復路二段42巷口,醫院周邊－雙尖峰高流動型
新北市,三重區,光明市場,平穩低波動型
新北市,三重區,光榮國中(秀江街),醫院周邊－雙尖峰高流動型
新北市,三重區,光興國小,平穩低波動型
新北市,三重區,六合公園,醫院周邊－雙尖峰高流動型
新北市,三重區,六張公園,均衡流動型
新北市,三重區,力行地下停車場,平穩低波動型
新北市,三重區,力行大勇街口,均衡流動型
新北市,三重區,力行路二段91巷口,醫院周邊－雙尖峰高流動型
新北市,三重區,厚德公園,均衡流動型
新北市,三重區,同安公園,均衡流動型
新北市,三重區,和平公園,醫院周邊－雙尖峰高流動型
新北市,三重區,國道車路頭街口,平穩低波動型
新北市,三重區,國隆大仁街口,醫院周邊－雙尖峰高流動型
新北市,三重區,大智公園,均衡流動型
新北市,三重區,太陽公園,均衡流動型
新北市,三重區,後竹圍市民活動中心,均衡流動型
新北市,三重區,德厚公園,平穩低波動型
新北市,三重區,慈化公園,平穩低波動型
新北市,三重區,慈愛公園,均衡流動型
新北市,三重區,捷運三和國中站(1號出口),均衡流動型
新北市,三重區,捷運三和國中站(2號出口),醫院周邊－雙尖峰高流動型
新北市,三重區,捷運三重國小站,醫院周邊－雙尖峰高流動型
新北市,三重區,捷運三重站(1號出口),醫院周邊－雙尖峰高流動型
新北市,三重區,捷運三重站(3號出口),醫院周邊－雙尖峰高流動型
新北市,三重區,捷運先嗇宮站(2號出口),均衡流動型
新北市,三重區,捷運菜寮站(3號出口),醫院周邊－雙尖峰高流動型
新北市,三重區,文中小停車場,均衡流動型
新北市,三重區,新北大道二段139巷,平穩低波動型
新北市,三重區,新北市立圖書館三重分館,均衡流動型
新北市,三重區,新北高中,均衡流動型
新北市,三重區,明志國中,均衡流動型
新北市,三重區,東海高中,均衡流動型
新北市,三重區,格致中學,醫院周邊－雙尖峰高流動型
新北市,三重區,正義公園,均衡流動型
新北市,三重區,正義國小地下停車場,醫院周邊－雙尖峰高流動型
新北市,三重區,水漾成功一街口,均衡流動型
新北市,三重區,永德市民活動中心,均衡流動型
新北市,三重區,永盛公園,醫院周邊－雙尖峰高流動型
新北市,三重區,永福國小,平穩低波動型
新北市,三重區,永福國小(永福街72巷),均衡流動型
新北市,三重區,河邊北街100巷口,平穩低波動型
新北市,三重區,溪尾街(國道橋下),醫院周邊－雙尖峰高流動型
新北市,三重區,溪尾街196巷/仁美街口,醫院周邊－雙尖峰高流動型
新北市,三重區,環河福德南路口,平穩低波動型
新北市,三重區,疏洪東竹圍仔街口,平穩低波動型
新北市,三重區,碧華公園,均衡流動型
新北市,三重區,碧華公園(集勇街),均衡流動型
新北市,三重區,碧華國中(三賢街),平穩低波動型
新北市,三重區,神農興德路口(恆美社區),平穩低波動型
新北市,三重區,神農街/光復路二段129巷口,平穩低波動型
新北市,三重區,穀保家商,平穩低波動型
新北市,三重區,簡仔舍街(河家歡社區),均衡流動型
新北市,三重區,群光公園,平穩低波動型
新北市,三重區,翔譽雙子星,醫院周邊－雙尖峰高流動型
新北市,三重區,聯邦公園,均衡流動型
新北市,三重區,自強溪尾街口,均衡流動型
新北市,三重區,自強臨時平面停車場,均衡流動型
新北市,三重區,自然公園,平穩低波動型
新北市,三重區,興德路134號(前),平穩低波動型
新北市,三重區,興穀國小,均衡流動型
新北市,三重區,興華公園,均衡流動型
新北市,三重區,藍天大樓,均衡流動型
新北市,三重區,谷王公園,平穩低波動型
新北市,三重區,進安公園,醫院周邊－雙尖峰高流動型
新北市,三重區,重新橋第1市民活動中心,醫院周邊－雙尖峰高流動型
新北市,三重區,重新路五段(心天匯社區),均衡流動型
新北市,三重區,重新重安街口,均衡流動型
新北市,三重區,重陽國小,均衡流動型
新北市,三重區,重陽橋市民活動中心,平穩低波動型
新北市,三重區,長榮龍濱路口,醫院周邊－雙尖峰高流動型
新北市,三重區,開元市民活動中心,均衡流動型
新北市,三重區,集成成功路口,均衡流動型
新北市,三重區,集美街58巷口(東北側),醫院周邊－雙尖峰高流動型
新北市,三重區,集賢三信路口(南側),平穩低波動型
新北市,三重區,頂崁公園,平穩低波動型
新北市,三重區,頂崁街210巷28弄口,醫院周邊－雙尖峰高流動型
新北市,三重區,龍濱公園,醫院周邊－雙尖峰高流動型
新北市,三重區,龍門公園,均衡流動型
新北市,三重區,龍門龍濱路口,均衡流動型
新北市,中和區,中原中板路口,平穩低波動型
新北市,中和區,中原五街口,平穩低波動型
新北市,中和區,中原抽水站,平穩低波動型
新北市,中和區,中原東街(左岸牡丹園),平穩低波動型
新北市,中和區,中和公園,均衡流動型
新北市,中和區,中和公園(安平中安街口),均衡流動型
新北市,中和區,中和公園(秀安街口),醫院周邊－雙尖峰高流動型
新北市,中和區,中和區公所,醫院周邊－雙尖峰高流動型
新北市,中和區,中和國民運動中心,均衡流動型
新北市,中和區,中和地政事務所,醫院周邊－雙尖峰高流動型
新北市,中和區,中和安和路口,均衡流動型
新北市,中和區,中和環球購物中心,醫院周邊－雙尖峰高流動型
新北市,中和區,中和福美公園,平穩低波動型
新北市,中和區,中和自強公園,均衡流動型
新北市,中和區,中和青年社會住宅,均衡流動型
新北市,中和區,中坑公園,平穩低波動型
新北市,中和區,中山橋安街口,醫院周邊－雙尖峰高流動型
新北市,中和區,中正路161巷口,均衡流動型
新北市,中和區,中興公園,平穩低波動型
新北市,中和區,中興街180巷口,醫院周邊－雙尖峰高流動型
新北市,中和區,佳和公園,平穩低波動型
新北市,中和區,佳和公園(中山路二段64巷5弄),平穩低波動型
新北市,中和區,佳和公園(中山路二段64巷7弄),醫院周邊－雙尖峰高流動型
新北市,中和區,元氣大鎮社區,醫院周邊－雙尖峰高流動型
新北市,中和區,光之公園,平穩低波動型
新北市,中和區,光寶科技中和數位大樓,平穩低波動型
新北市,中和區,光華橋(保平路),平穩低波動型
新北市,中和區,南華路56巷,醫院周邊－雙尖峰高流動型
新北市,中和區,台灣科技公園,醫院周邊－雙尖峰高流動型
新北市,中和區,台灣科技廣場,平穩低波動型
新北市,中和區,台灣電力公司中和服務所,醫院周邊－雙尖峰高流動型
新北市,中和區,和城停車場,平穩低波動型
新北市,中和區,員勝公園,平穩低波動型
新北市,中和區,員山市場臨時平面停車場,平穩低波動型
新北市,中和區,員山路36巷口,平穩低波動型
新北市,中和區,嘉穗公園,平穩低波動型
新北市,中和區,國光街圓環小公園,醫院周邊－雙尖峰高流動型
新北市,中和區,圓通綠廊,醫院周邊－雙尖峰高流動型
新北市,中和區,圓通路335巷33弄,均衡流動型
新北市,中和區,圓通路369巷口,平穩低波動型
新北市,中和區,圓通錦和路口,均衡流動型
新北市,中和區,壽德新村,醫院周邊－雙尖峰高流動型
新北市,中和區,大仁街20巷口,均衡流動型
新北市,中和區,大勇立人街口,醫院周邊－雙尖峰高流動型
新北市,中和區,安平橋,醫院周邊－雙尖峰高流動型
新北市,中和區,安樂宜安路口,平穩低波動型
新北市,中和區,安邦公園,均衡流動型
新北市,中和區,安邦段青年社會住宅,均衡流動型
新北市,中和區,審計人員訓練大樓,醫院周邊－雙尖峰高流動型
新北市,中和區,山北公園,平穩低波動型
新北市,中和區,建二建三路口,平穩低波動型
新北市,中和區,建六中正路口,醫院周邊－雙尖峰高流動型
新北市,中和區,德光國光街口,醫院周邊－雙尖峰高流動型
新北市,中和區,德光莒光路口,火車站周邊－通勤到達型－高滿車風險
新北市,中和區,捷運中原站,均衡流動型
新北市,中和區,捷運中和站,醫院周邊－雙尖峰高流動型
新北市,中和區,捷運南勢角站(4號出口),均衡流動型
新北市,中和區,捷運景安站,均衡流動型
新北市,中和區,捷運景平站,均衡流動型
新北市,中和區,捷運景平站(景平路278巷口),醫院周邊－雙尖峰高流動型
新北市,中和區,捷運橋和站,均衡流動型
新北市,中和區,捷運永安市場站,均衡流動型
新北市,中和區,捷運秀朗橋站,均衡流動型
新北市,中和區,新北市立中和高級中學,平穩低波動型
新北市,中和區,新生街112巷口(欽禾社區),平穩低波動型
新北市,中和區,景安板南路口,均衡流動型
新北市,中和區,景平橋和路口,均衡流動型
新北市,中和區,景新國小,醫院周邊－雙尖峰高流動型
新北市,中和區,景新立體停車場,醫院周邊－雙尖峰高流動型
新北市,中和區,景本里集會所,醫院周邊－雙尖峰高流動型
新北市,中和區,板南立言街口,平穩低波動型
新北市,中和區,板南路492號,平穩低波動型
新北市,中和區,民享藝文特區,均衡流動型
新北市,中和區,民德立體停車場,醫院周邊－雙尖峰高流動型
新北市,中和區,民德路口,醫院周邊－雙尖峰高流動型
新北市,中和區,民有公園,平穩低波動型
新北市,中和區,民樂人行廣場,平穩低波動型
新北市,中和區,民樂停車場,醫院周邊－雙尖峰高流動型
新北市,中和區,水之公園,平穩低波動型
新北市,中和區,水源路29巷/光華街口,醫院周邊－雙尖峰高流動型
新北市,中和區,漳和國中,均衡流動型
新北市,中和區,烘爐地山下籃球場,平穩低波動型
新北市,中和區,環河西路三段(日安社區),平穩低波動型
新北市,中和區,瓦磘溝(福真里),平穩低波動型
新北市,中和區,碧河宮,均衡流動型
新北市,中和區,碧河里公園(建康路),醫院周邊－雙尖峰高流動型
新北市,中和區,福和宮,均衡流動型
新北市,中和區,福祥永和路口,醫院周邊－雙尖峰高流動型
新北市,中和區,福祥里(中和溝),平穩低波動型
新北市,中和區,秀山公園(北側),醫院周邊－雙尖峰高流動型
新北市,中和區,秀山國小,均衡流動型
新北市,中和區,秀朗成功路口,均衡流動型
新北市,中和區,秀朗路三段10巷12弄,醫院周邊－雙尖峰高流動型
新北市,中和區,積穗國中,平穩低波動型
新北市,中和區,興南路二段231巷口,醫院周邊－雙尖峰高流動型
新北市,中和區,興南路二段34巷口,醫院周邊－雙尖峰高流動型
新北市,中和區,莒光德光路口,醫院周邊－雙尖峰高流動型
新北市,中和區,莒光華安街口,平穩低波動型
新北市,中和區,莒光路136巷口,醫院周邊－雙尖峰高流動型
新北市,中和區,華夏科技大學,醫院周邊－雙尖峰高流動型
新北市,中和區,華夏科技大學(華新街),醫院周邊－雙尖峰高流動型
新北市,中和區,華新街109巷11弄,均衡流動型
新北市,中和區,華新街143巷,醫院周邊－雙尖峰高流動型
新北市,中和區,華福公園,醫院周邊－雙尖峰高流動型
新北市,中和區,華福市民活動中心,均衡流動型
新北市,中和區,連城路469巷21弄,醫院周邊－雙尖峰高流動型
新北市,中和區,遠東世紀廣場C棟,均衡流動型
新北市,中和區,遠雄左岸,平穩低波動型
新北市,中和區,錦和運動公園,均衡流動型
新北市,中和區,錦和高中,均衡流動型
新北市,中和區,雙和醫院,均衡流動型
新北市,中和區,雙和醫院(圓通路252巷口),均衡流動型
新北市,中和區,飛駝二村,醫院周邊－雙尖峰高流動型
新北市,中和區,飛駝社區(興南路),醫院周邊－雙尖峰高流動型
新北市,五股區,中興路二段37巷口,平穩低波動型
新北市,五股區,五工二五工一路口(泰博科技),平穩低波動型
新北市,五股區,五工五五權路口,醫院周邊－雙尖峰高流動型
新北市,五股區,五股國民運動中心,平穩低波動型
新北市,五股區,五股工商立體停車場,醫院周邊－雙尖峰高流動型
新北市,五股區,五股戶政事務所,平穩低波動型
新北市,五股區,五股環保藝術公園(芳洲路),平穩低波動型
新北市,五股區,五股郵局,平穩低波動型
新北市,五股區,公五公園,平穩低波動型
新北市,五股區,凌雲路一段158巷口,平穩低波動型
新北市,五股區,台北得意GO,平穩低波動型
新北市,五股區,御史路1巷,平穩低波動型
新北市,五股區,德泰公園,火車站周邊－通勤到達型－高滿車風險
新北市,五股區,德音國小,平穩低波動型
新北市,五股區,成功運動公園,平穩低波動型
新北市,五股區,成州停車場,平穩低波動型
新北市,五股區,成州國小,平穩低波動型
新北市,五股區,成州派出所,平穩低波動型
新北市,五股區,成德公園,平穩低波動型
新北市,五股區,成泰路4段22巷,平穩低波動型
新北市,五股區,成泰路一段(中油),平穩低波動型
新北市,五股區,新五路二段299號,平穩低波動型
新北市,五股區,新北市勞工活動中心,醫院周邊－雙尖峰高流動型
新北市,五股區,新北市工商展覽中心,平穩低波動型
新北市,五股區,新北市立圖書館五股成功分館,平穩低波動型
新北市,五股區,新城一路(守讓堂),平穩低波動型
新北市,五股區,民義公園,平穩低波動型
新北市,五股區,永安橋下停車場,平穩低波動型
新北市,五股區,獅子頭山水匯集廣場,平穩低波動型
新北市,五股區,芳洲八路,平穩低波動型
新北市,五股區,貿商國宅,平穩低波動型
新北市,五股區,陸光國宅,平穩低波動型
新北市,八里區,下庄市場,平穩低波動型
新北市,八里區,中山賢一街口,平穩低波動型
新北市,八里區,八里中庄市場綜合大樓,平穩低波動型
新北市,八里區,八里停五平面停車場,平穩低波動型
新北市,八里區,八里區民活動中心,平穩低波動型
新北市,八里區,八里國小,平穩低波動型
新北市,八里區,八里左岸自行車道(4.4K福德宮),平穩低波動型
新北市,八里區,八里文化公園(棒球場),均衡流動型
新北市,八里區,八里福朋喜來登酒店,平穩低波動型
新北市,八里區,八里行政中心,平穩低波動型
新北市,八里區,十三行博物館,均衡流動型
新北市,八里區,商港一十三行路口,平穩低波動型
新北市,八里區,商港三頂罟二路口,平穩低波動型
新北市,八里區,商港公園(商港七商港一路口),平穩低波動型
新北市,八里區,商港公園(商港八商港一路口),平穩低波動型
新北市,八里區,商港六商港三路口,平穩低波動型
新北市,八里區,大崁國小,平穩低波動型
新北市,八里區,挖仔尾自然生態保留區,平穩低波動型
新北市,八里區,文昌公園,平穩低波動型
新北市,八里區,水興公,醫院周邊－雙尖峰高流動型
新北市,八里區,渡船頭平面停車場,平穩低波動型
新北市,八里區,片仔溝公園,平穩低波動型
新北市,八里區,狀元公園,平穩低波動型
新北市,八里區,訊塘廣場(義民中華路口),平穩低波動型
新北市,八里區,訊塘社區公園,平穩低波動型
新北市,八里區,訊庄埔公園,平穩低波動型
新北市,八里區,頂罟公園,平穩低波動型
新北市,八里區,龍形停車場,平穩低波動型
新北市,八里區,龍米路二段205巷口,平穩低波動型
新北市,土城區,中央中華路口(金城),平穩低波動型
新北市,土城區,中央公園(莊園街),均衡流動型
新北市,土城區,中央公園地下停車場,平穩低波動型
新北市,土城區,中央慶利街口(風華綠中央社區),醫院周邊－雙尖峰高流動型
新北市,土城區,中央路一段292巷口,均衡流動型
新北市,土城區,中央路三段281巷,均衡流動型
新北市,土城區,中央路二段180巷,醫院周邊－雙尖峰高流動型
新北市,土城區,中央路四段33號北側,平穩低波動型
新北市,土城區,中山1號科技總部,醫院周邊－雙尖峰高流動型
新北市,土城區,中山三民路口(土城工業區),平穩低波動型
新北市,土城區,中華中央路一段242巷口,均衡流動型
新北市,土城區,中華城林路口,均衡流動型
新北市,土城區,中華日新街口,平穩低波動型
新北市,土城區,中華裕華街口,醫院周邊－雙尖峰高流動型
新北市,土城區,中華路一段70巷口,平穩低波動型
新北市,土城區,亞洲員安路口,平穩低波動型
新北市,土城區,和平路105號,平穩低波動型
新北市,土城區,員和公園,醫院周邊－雙尖峰高流動型
新北市,土城區,員林平面停車場,醫院周邊－雙尖峰高流動型
新北市,土城區,員林社區公園,均衡流動型
新北市,土城區,土城仁愛社區公園,均衡流動型
新北市,土城區,土城區公所,均衡流動型
新北市,土城區,土城國中,均衡流動型
新北市,土城區,土城國中(永安街115巷),平穩低波動型
新北市,土城區,土城國小(興城路),平穩低波動型
新北市,土城區,土城紫藤廊道(學海街),均衡流動型
新北市,土城區,土城綜合球場,均衡流動型
新北市,土城區,土城綜合體育場,均衡流動型
新北市,土城區,大安中央路口,平穩低波動型
新北市,土城區,大安市民活動中心,平穩低波動型
新北市,土城區,學士學府路口(大苑社區),均衡流動型
新北市,土城區,學士龍山二街口(金城舞2社區),醫院周邊－雙尖峰高流動型
新北市,土城區,學府中正路口(A+社區),均衡流動型
新北市,土城區,學成公園,均衡流動型
新北市,土城區,廣福國小,醫院周邊－雙尖峰高流動型
新北市,土城區,廣福派出所,均衡流動型
新北市,土城區,延吉街111巷1弄,平穩低波動型
新北市,土城區,延吉街291巷口,醫院周邊－雙尖峰高流動型
新北市,土城區,延吉街47巷口,醫院周邊－雙尖峰高流動型
新北市,土城區,延和廣場,醫院周邊－雙尖峰高流動型
新北市,土城區,延和社區公園,醫院周邊－雙尖峰高流動型
新北市,土城區,惜福公園,均衡流動型
新北市,土城區,承天路4巷(MRT社區),平穩低波動型
新北市,土城區,捷運土城站(1號出口),醫院周邊－雙尖峰高流動型
新北市,土城區,捷運土城站(2號出口),醫院周邊－雙尖峰高流動型
新北市,土城區,捷運土城站(3號出口),平穩低波動型
新北市,土城區,捷運永寧站(2號出口),均衡流動型
新北市,土城區,捷運永寧站(3號出口),均衡流動型
新北市,土城區,捷運永寧站(4號出口),醫院周邊－雙尖峰高流動型
新北市,土城區,捷運海山站(1號出口),均衡流動型
新北市,土城區,捷運海山站(2號出口),醫院周邊－雙尖峰高流動型
新北市,土城區,捷運海山站(3號出口),醫院周邊－雙尖峰高流動型
新北市,土城區,捷運海山站(3號出口)轉乘停車場,均衡流動型
新北市,土城區,捷運頂埔站(2號出口),均衡流動型
新北市,土城區,捷運頂埔站(福田路),醫院周邊－雙尖峰高流動型
新北市,土城區,斬龍山遺址文化公園,均衡流動型
新北市,土城區,新北高工,均衡流動型
新北市,土城區,新北高工(學士路),醫院周邊－雙尖峰高流動型
新北市,土城區,新北高工(明德路),醫院周邊－雙尖峰高流動型
新北市,土城區,新洲擺接堡路口,平穩低波動型
新北市,土城區,日和中華路口,平穩低波動型
新北市,土城區,明德平面停車場,均衡流動型
新北市,土城區,明德青和街口,均衡流動型
新北市,土城區,永豐路157巷口,平穩低波動型
新北市,土城區,沛陂社區公園,醫院周邊－雙尖峰高流動型
新北市,土城區,清和里(青雲路),醫院周邊－雙尖峰高流動型
新北市,土城區,清水社區公園,均衡流動型
新北市,土城區,清水高中,均衡流動型
新北市,土城區,清水高中(國際路),醫院周邊－雙尖峰高流動型
新北市,土城區,立德青雲路口,均衡流動型
新北市,土城區,莊園街(金城舞5社區),均衡流動型
新北市,土城區,莒光四村停車場,醫院周邊－雙尖峰高流動型
新北市,土城區,華南頂埔科技大樓,平穩低波動型
新北市,土城區,裕民路55巷,醫院周邊－雙尖峰高流動型
新北市,土城區,裕民路口(清水路),均衡流動型
新北市,土城區,裕生停車場,醫院周邊－雙尖峰高流動型
新北市,土城區,裕華街,平穩低波動型
新北市,土城區,金城峯廷街口,醫院周邊－雙尖峰高流動型
新北市,土城區,金城忠義路口,平穩低波動型
新北市,土城區,金城立德路口,均衡流動型
新北市,土城區,金城立體停車場,均衡流動型
新北市,土城區,金城裕民路口(中正國中),均衡流動型
新北市,土城區,金城裕民路口(金城舞社區),均衡流動型
新北市,土城區,金城路三段156號前,醫院周邊－雙尖峰高流動型
新北市,土城區,金城路三段52巷,醫院周邊－雙尖峰高流動型
新北市,土城區,金城路二段61巷口(聯邦銀行),均衡流動型
新北市,土城區,金城龍山二街口,火車站周邊－通勤到達型－高滿車風險
新北市,土城區,長風社區,均衡流動型
新北市,土城區,青山廣場,醫院周邊－雙尖峰高流動型
新北市,土城區,青隆青福街口,平穩低波動型
新北市,土城區,青雲路411巷口(樂晴市樂郡區社區),均衡流動型
新北市,土城區,青雲路434巷口,平穩低波動型
新北市,土城區,青雲路451巷口(紐約艾美社區),均衡流動型
新北市,土城區,頂埔國小,均衡流動型
新北市,土城區,頂埔市場,均衡流動型
新北市,土城區,頂新公園,醫院周邊－雙尖峰高流動型
新北市,土城區,頂新祖田市民活動中心,均衡流動型
新北市,坪林區,國中碇坪路二段口,火車站周邊－通勤到達型－高滿車風險
新北市,坪林區,坪林旅遊服務中心,火車站周邊－通勤到達型－高滿車風險
新北市,坪林區,坪林茶業博物館,火車站周邊－通勤到達型－高滿車風險
新北市,坪林區,水柳腳立體停車場,火車站周邊－通勤到達型－高滿車風險
新北市,平溪區,十分遊客中心,火車站周邊－通勤到達型－高滿車風險
新北市,平溪區,嶺腳車站,火車站周邊－通勤到達型－高滿車風險
新北市,平溪區,平溪國中,火車站周邊－通勤到達型－高滿車風險
新北市,平溪區,平溪市民活動中心,火車站周邊－通勤到達型－高滿車風險
新北市,平溪區,菁桐老街,火車站周邊－通勤到達型－高滿車風險
新北市,新店區,三民地下停車場,均衡流動型
新北市,新店區,中印青潭廠,平穩低波動型
新北市,新店區,中央新村(中央三街),均衡流動型
新北市,新店區,中央陸橋(中央一街),平穩低波動型
新北市,新店區,中山路31巷(波爾多2社區),醫院周邊－雙尖峰高流動型
新北市,新店區,中正國小,醫院周邊－雙尖峰高流動型
新北市,新店區,中正民權路口,均衡流動型
新北市,新店區,中正路144巷口,醫院周邊－雙尖峰高流動型
新北市,新店區,中正路284巷,醫院周邊－雙尖峰高流動型
新北市,新店區,中正路399巷口,醫院周邊－雙尖峰高流動型
新北市,新店區,中興中正路口,醫院周邊－雙尖峰高流動型
新北市,新店區,中興寶慶街口,平穩低波動型
新北市,新店區,中興寶橋路口,均衡流動型
新北市,新店區,中興文化路口(東南側),醫院周邊－雙尖峰高流動型
新北市,新店區,中興檳榔路口,醫院周邊－雙尖峰高流動型
新北市,新店區,中興路2段100巷口,平穩低波動型
新北市,新店區,中華郵政五城郵局,平穩低波動型
新北市,新店區,中華郵政玫瑰城郵局,平穩低波動型
新北市,新店區,五峰國中,平穩低波動型
新北市,新店區,光明街,平穩低波動型
新北市,新店區,北城生活廣場(富貴街),平穩低波動型
新北市,新店區,北新國小,均衡流動型
新北市,新店區,北新新生街口,醫院周邊－雙尖峰高流動型
新北市,新店區,北新路二段228巷口,醫院周邊－雙尖峰高流動型
新北市,新店區,十四張啓文路口,均衡流動型
新北市,新店區,十四張央北二路口(波爾多社區),均衡流動型
新北市,新店區,十四張歷史公園(北側),均衡流動型
新北市,新店區,十四張歷史公園(南側),均衡流動型
新北市,新店區,十四張歷史建築園區(文記街),均衡流動型
新北市,新店區,台北慈濟醫院,均衡流動型
新北市,新店區,台灣科技總部,醫院周邊－雙尖峰高流動型
新北市,新店區,吉安停車場,平穩低波動型
新北市,新店區,啟文央北二路口(中央公園社區),均衡流動型
新北市,新店區,國家人權博物館,平穩低波動型
新北市,新店區,大豐公園停車場,醫院周邊－雙尖峰高流動型
新北市,新店區,大豐里(建國路),醫院周邊－雙尖峰高流動型
新北市,新店區,大鵬華城,醫院周邊－雙尖峰高流動型
新北市,新店區,天山公園(永安街),平穩低波動型
新北市,新店區,央北三中央路口(全陽大璽),均衡流動型
新北市,新店區,央北二月記街口,均衡流動型
新北市,新店區,央北新村平面停車場,均衡流動型
新北市,新店區,央北社會住宅,均衡流動型
新北市,新店區,安光公園,平穩低波動型
新北市,新店區,安和公園,平穩低波動型
新北市,新店區,安和市民活動中心,均衡流動型
新北市,新店區,安和碧安街口,平穩低波動型
新北市,新店區,安和路二段117巷口,平穩低波動型
新北市,新店區,安居公教住宅,平穩低波動型
新北市,新店區,安康立體停車場,平穩低波動型
新北市,新店區,安康高中,均衡流動型
新北市,新店區,安德停車場,平穩低波動型
新北市,新店區,安成安德街口,均衡流動型
新北市,新店區,安民街35巷口,平穩低波動型
新北市,新店區,安民街停車場,醫院周邊－雙尖峰高流動型
新北市,新店區,安興祥和路口,平穩低波動型
新北市,新店區,安華公園,均衡流動型
新北市,新店區,寶中寶橋路口,均衡流動型
新北市,新店區,寶中路97巷口,醫院周邊－雙尖峰高流動型
新北市,新店區,寶強文化路口,醫院周邊－雙尖峰高流動型
新北市,新店區,寶橋路235巷,平穩低波動型
新北市,新店區,寶橋路235巷口,均衡流動型
新北市,新店區,寶橋路29巷,醫院周邊－雙尖峰高流動型
新北市,新店區,寶橋路78巷,平穩低波動型
新北市,新店區,寶高智慧產業園區,均衡流動型
新北市,新店區,寶高路120巷口,醫院周邊－雙尖峰高流動型
新北市,新店區,小金門友誼公園,均衡流動型
新北市,新店區,屈尺景觀公園,平穩低波動型
新北市,新店區,崇光女中,均衡流動型
新北市,新店區,廣興河濱公園,火車站周邊－通勤到達型－高滿車風險
新北市,新店區,建國民權路口,醫院周邊－雙尖峰高流動型
新北市,新店區,忠誠里(北新路2段97巷),均衡流動型
新北市,新店區,惠國市場,均衡流動型
新北市,新店區,捷運七張站(1號出口),均衡流動型
新北市,新店區,捷運十四張站,均衡流動型
新北市,新店區,捷運大坪林站(1號出口),均衡流動型
新北市,新店區,捷運大坪林站(5號出口),均衡流動型
新北市,新店區,捷運小碧潭站(1號出口),均衡流動型
新北市,新店區,捷運新店區公所站(1號出口),均衡流動型
新北市,新店區,捷運新店站,平穩低波動型
新北市,新店區,文山國中,平穩低波動型
新北市,新店區,新北市立圖書館新店分館,均衡流動型
新北市,新店區,新北捷運環狀線南機廠,均衡流動型
新北市,新店區,新和活動中心,平穩低波動型
新北市,新店區,新和街32巷口,平穩低波動型
新北市,新店區,新安永安街94巷口,平穩低波動型
新北市,新店區,新安永安街口,醫院周邊－雙尖峰高流動型
新北市,新店區,新店公有中央市場,均衡流動型
新北市,新店區,新店新和國小,平穩低波動型
新北市,新店區,新店行政園區,均衡流動型
新北市,新店區,新店高中,均衡流動型
新北市,新店區,新店高中(中央路),均衡流動型
新北市,新店區,明德路65巷口,醫院周邊－雙尖峰高流動型
新北市,新店區,柴埕市民活動中心,平穩低波動型
新北市,新店區,民權二十張路口,醫院周邊－雙尖峰高流動型
新北市,新店區,民生路156巷,均衡流動型
新北市,新店區,永平休閒廣場,平穩低波動型
新北市,新店區,永平街23巷,平穩低波動型
新北市,新店區,溪洲原住民族生活文化園區Cinemnemay,平穩低波動型
新北市,新店區,直潭活動中心,平穩低波動型
新北市,新店區,直潭淨水廠(直潭二街),平穩低波動型
新北市,新店區,碧潭大橋(溪洲路6巷),平穩低波動型
新北市,新店區,碧潭渡船頭,平穩低波動型
新北市,新店區,碧潭西岸,平穩低波動型
新北市,新店區,福民市民活動中心,醫院周邊－雙尖峰高流動型
新北市,新店區,綠湖公園,均衡流動型
新北市,新店區,綠湖公園地下停車場,醫院周邊－雙尖峰高流動型
新北市,新店區,胡璉故居紀念館,平穩低波動型
新北市,新店區,輕軌台北小城站(北側),平穩低波動型
新北市,新店區,輕軌台北小城站(南側),平穩低波動型
新北市,新店區,輕軌安康站,平穩低波動型
新北市,新店區,輕軌新和國小站,平穩低波動型
新北市,新店區,輕軌景文科大站,平穩低波動型
新北市,新店區,輕軌玫瑰中國城站,平穩低波動型
新北市,新店區,輕軌耕莘安康院區站,平穩低波動型
新北市,新店區,輕軌陽光運動公園站,平穩低波動型
新北市,新店區,輕軌雙城站,平穩低波動型
新北市,新店區,陽光Park社區,平穩低波動型
新北市,新店區,陽光橋,均衡流動型
新北市,新店區,雙城公園(安康路),平穩低波動型
新北市,新店區,雙城國小,平穩低波動型
新北市,新店區,青潭國小,平穩低波動型
新北市,新店區,青潭河濱公園,均衡流動型
新北市,新店區,順德街(御中央3社區),均衡流動型
新北市,新店區,龜山活動中心,平穩低波動型
新北市,新莊區,中信國小,均衡流動型
新北市,新莊區,中央昌仁路口,醫院周邊－雙尖峰高流動型
新北市,新莊區,中平中榮街口,醫院周邊－雙尖峰高流動型
新北市,新莊區,中平國中,均衡流動型
新北市,新莊區,中正仁愛街口,均衡流動型
新北市,新莊區,中正思源路口(東北側),均衡流動型
新北市,新莊區,中正思源路口(西南側),均衡流動型
新北市,新莊區,中正新雅巷口,均衡流動型
新北市,新莊區,中正路347巷口,醫院周邊－雙尖峰高流動型
新北市,新莊區,中正路883巷口,醫院周邊－雙尖峰高流動型
新北市,新莊區,中正雙鳳路口,醫院周邊－雙尖峰高流動型
新北市,新莊區,中港國小,醫院周邊－雙尖峰高流動型
新北市,新莊區,中港大排願景館,均衡流動型
新北市,新莊區,中港平面停車場,醫院周邊－雙尖峰高流動型
新北市,新莊區,中興中正路口(泰坤建設),均衡流動型
新北市,新莊區,中華中原路口,均衡流動型
新北市,新莊區,中華自治街口,均衡流動型
新北市,新莊區,中華里(中華路二段),均衡流動型
新北市,新莊區,中誠立體停車場,醫院周邊－雙尖峰高流動型
新北市,新莊區,丹鳳國小,平穩低波動型
新北市,新莊區,丹鳳派出所,醫院周邊－雙尖峰高流動型
新北市,新莊區,五工路68巷口,均衡流動型
新北市,新莊區,五權一五工三路口,平穩低波動型
新北市,新莊區,伊吉邦社區,醫院周邊－雙尖峰高流動型
新北市,新莊區,光華東帝士,平穩低波動型
新北市,新莊區,八德立體停車場,醫院周邊－雙尖峰高流動型
新北市,新莊區,化成公園,均衡流動型
新北市,新莊區,台北醫院(民樂街),醫院周邊－雙尖峰高流動型
新北市,新莊區,台水新莊服務所,均衡流動型
新北市,新莊區,台電台北西區營業處,醫院周邊－雙尖峰高流動型
新北市,新莊區,四維公園,醫院周邊－雙尖峰高流動型
新北市,新莊區,國家電影及視聽文化中心,醫院周邊－雙尖峰高流動型
新北市,新莊區,國泰國小,平穩低波動型
新北市,新莊區,塭仔圳十米園道(幸福路口),平穩低波動型
新北市,新莊區,塭仔圳十米園道(新莊歐洲村),平穩低波動型
新北市,新莊區,塭仔底濕地公園,均衡流動型
新北市,新莊區,塭仔底濕地公園(中華路),平穩低波動型
新北市,新莊區,大眾廟,均衡流動型
新北市,新莊區,宏匯廣場,均衡流動型
新北市,新莊區,宏匯思源廣場,均衡流動型
新北市,新莊區,幸福中環路口,醫院周邊－雙尖峰高流動型
新北市,新莊區,幸福路678巷口,醫院周邊－雙尖峰高流動型
新北市,新莊區,幸福路753巷口,醫院周邊－雙尖峰高流動型
新北市,新莊區,廣停一機車停車場,均衡流動型
新北市,新莊區,建中街90巷口,醫院周邊－雙尖峰高流動型
新北市,新莊區,建國一路平面停車場,平穩低波動型
新北市,新莊區,建福公園,均衡流動型
新北市,新莊區,後港公園,醫院周邊－雙尖峰高流動型
新北市,新莊區,復興化成路口,平穩低波動型
新北市,新莊區,思源路192巷口,均衡流動型
新北市,新莊區,思源路593巷口,均衡流動型
新北市,新莊區,思賢公園(北側),醫院周邊－雙尖峰高流動型
新北市,新莊區,思賢國小,均衡流動型
新北市,新莊區,思賢國小(自由街),醫院周邊－雙尖峰高流動型
新北市,新莊區,捷運丹鳳站(1號出口),醫院周邊－雙尖峰高流動型
新北市,新莊區,捷運幸福站,均衡流動型
新北市,新莊區,捷運幸福站(2號出口),均衡流動型
新北市,新莊區,捷運新北產業園區站,均衡流動型
新北市,新莊區,捷運新莊副都心站,醫院周邊－雙尖峰高流動型
新北市,新莊區,捷運新莊站(1號出口),醫院周邊－雙尖峰高流動型
新北市,新莊區,捷運新莊站(2號出口),醫院周邊－雙尖峰高流動型
新北市,新莊區,捷運輔大站(1號出口),醫院周邊－雙尖峰高流動型
新北市,新莊區,捷運輔大站(4號出口),平穩低波動型
新北市,新莊區,捷運迴龍站(2號出口),醫院周邊－雙尖峰高流動型
新北市,新莊區,捷運迴龍站(3號出口),醫院周邊－雙尖峰高流動型
新北市,新莊區,捷運頭前庄站(1號出口),均衡流動型
新北市,新莊區,文中三平面停車場,平穩低波動型
新北市,新莊區,新北大道昌平街口(臨時站),醫院周邊－雙尖峰高流動型
新北市,新莊區,新北市立圖書館新莊中港分館,醫院周邊－雙尖峰高流動型
新北市,新莊區,新月橋,醫院周邊－雙尖峰高流動型
新北市,新莊區,新樹公園,平穩低波動型
新北市,新莊區,新樹路258巷口,平穩低波動型
新北市,新莊區,新泰公園,醫院周邊－雙尖峰高流動型
新北市,新莊區,新泰國中,醫院周邊－雙尖峰高流動型
新北市,新莊區,新泰游泳池,平穩低波動型
新北市,新莊區,新泰路255巷口,醫院周邊－雙尖峰高流動型
新北市,新莊區,新莊勞工中心,平穩低波動型
新北市,新莊區,新莊國民運動中心,均衡流動型
新北市,新莊區,新莊國民運動中心(和興街),醫院周邊－雙尖峰高流動型
新北市,新莊區,新莊快樂公園,平穩低波動型
新北市,新莊區,新莊文化藝術中心,均衡流動型
新北市,新莊區,新莊棒球場,均衡流動型
新北市,新莊區,新莊棒球場(和興街),均衡流動型
新北市,新莊區,新莊田徑場,均衡流動型
新北市,新莊區,新莊運動公園地下停車場,醫院周邊－雙尖峰高流動型
新北市,新莊區,新莊體育館,均衡流動型
新北市,新莊區,昌平公園,平穩低波動型
新北市,新莊區,昌平國小,平穩低波動型
新北市,新莊區,昌盛橋,醫院周邊－雙尖峰高流動型
新北市,新莊區,昌隆國小,醫院周邊－雙尖峰高流動型
新北市,新莊區,榮富國小,醫院周邊－雙尖峰高流動型
新北市,新莊區,民安國小(東側),平穩低波動型
新北市,新莊區,民安東民全街口,平穩低波動型
新北市,新莊區,民安西路252巷,醫院周邊－雙尖峰高流動型
新北市,新莊區,民安西路468巷口,平穩低波動型
新北市,新莊區,民安西路88巷口,醫院周邊－雙尖峰高流動型
新北市,新莊區,潭底溝休憩廣場,醫院周邊－雙尖峰高流動型
新北市,新莊區,瓊林公園,平穩低波動型
新北市,新莊區,瓊林南路101巷口,平穩低波動型
新北市,新莊區,瓊泰市民活動中心,醫院周邊－雙尖峰高流動型
新北市,新莊區,登龍平面停車場,平穩低波動型
新北市,新莊區,福基公園,均衡流動型
新北市,新莊區,福壽公園,醫院周邊－雙尖峰高流動型
新北市,新莊區,福壽昌智路口,均衡流動型
新北市,新莊區,福德二街35號,醫院周邊－雙尖峰高流動型
新北市,新莊區,福慧新知八路口,醫院周邊－雙尖峰高流動型
新北市,新莊區,福營行政中心,均衡流動型
新北市,新莊區,福祿1號公園,平穩低波動型
新北市,新莊區,福美公園,均衡流動型
新北市,新莊區,立泰里(中環路二段),均衡流動型
新北市,新莊區,臺北醫院,均衡流動型
新北市,新莊區,興化公園,均衡流動型
新北市,新莊區,行政院新莊聯合辦公大樓,均衡流動型
新北市,新莊區,西盛公園,醫院周邊－雙尖峰高流動型
新北市,新莊區,西盛廣場,平穩低波動型
新北市,新莊區,西盛館,平穩低波動型
新北市,新莊區,覺明寺(豐年街53巷),醫院周邊－雙尖峰高流動型
新北市,新莊區,豐年國小,平穩低波動型
新北市,新莊區,豐年陸橋,醫院周邊－雙尖峰高流動型
新北市,新莊區,輔仁大學附設醫院,醫院周邊－雙尖峰高流動型
新北市,新莊區,遠東動力企業總部,平穩低波動型
新北市,新莊區,遠東動力企業總部(福營路),平穩低波動型
新北市,新莊區,長青公園,醫院周邊－雙尖峰高流動型
新北市,新莊區,雙鳳公園,醫院周邊－雙尖峰高流動型
新北市,新莊區,頭前國中,均衡流動型
新北市,新莊區,頭前國小,平穩低波動型
新北市,新莊區,頭前國小(化成路),醫院周邊－雙尖峰高流動型
新北市,新莊區,頭前運動公園,均衡流動型
新北市,新莊區,頭前運動公園(頭前路),平穩低波動型
新北市,新莊區,麗水富貴路口(聯合公園社區),均衡流動型
新北市,新莊區,黃城公園,醫院周邊－雙尖峰高流動型
新北市,新莊區,黃城公園(中榮街),醫院周邊－雙尖峰高流動型
新北市,新莊區,龍安成德街口,醫院周邊－雙尖峰高流動型
新北市,新莊區,龍安福營路口,均衡流動型
新北市,新莊區,龍鳳公園,均衡流動型
新北市,板橋區,三抱竹,平穩低波動型
新北市,板橋區,三民永豐街口,醫院周邊－雙尖峰高流動型
新北市,板橋區,三民翠華街口,醫院周邊－雙尖峰高流動型
新北市,板橋區,中山國中,均衡流動型
新北市,板橋區,中山國小地下停車場,醫院周邊－雙尖峰高流動型
新北市,板橋區,中山路二段416巷38弄口,醫院周邊－雙尖峰高流動型
新北市,板橋區,中山路二段443巷口,平穩低波動型
新北市,板橋區,中山路二段565巷,平穩低波動型
新北市,板橋區,中山路二段90巷,醫院周邊－雙尖峰高流動型
新北市,板橋區,中正新月二街口(富江翠社區),均衡流動型
新北市,板橋區,中正新月二街口(青翠社區),平穩低波動型
新北市,板橋區,中正路145巷口,醫院周邊－雙尖峰高流動型
新北市,板橋區,中華電信學院,醫院周邊－雙尖峰高流動型
新北市,板橋區,中華電信板橋雲端資料中心,均衡流動型
新北市,板橋區,五權公園地下停車場,平穩低波動型
新北市,板橋區,亞東醫院,醫院周邊－雙尖峰高流動型
新北市,板橋區,仁化文新路口,均衡流動型
新北市,板橋區,介壽街/文化路一段188巷9弄口,醫院周邊－雙尖峰高流動型
新北市,板橋區,信義公園市民活動中心,均衡流動型
新北市,板橋區,信義和平路口,醫院周邊－雙尖峰高流動型
新北市,板橋區,信義路163巷口,醫院周邊－雙尖峰高流動型
新北市,板橋區,健華新城社區,均衡流動型
新北市,板橋區,僑中二街92巷口,醫院周邊－雙尖峰高流動型
新北市,板橋區,光復光榮巷口,平穩低波動型
新北市,板橋區,光復國小,均衡流動型
新北市,板橋區,光復街/中山路二段412巷口,均衡流動型
新北市,板橋區,光復高中,均衡流動型
新北市,板橋區,八德公園,醫院周邊－雙尖峰高流動型
新北市,板橋區,力行新村,醫院周邊－雙尖峰高流動型
新北市,板橋區,南雅公園,均衡流動型
新北市,板橋區,南雅西路二段145巷,醫院周邊－雙尖峰高流動型
新北市,板橋區,四川忠孝路口,均衡流動型
新北市,板橋區,四川遠東路口,均衡流動型
新北市,板橋區,四維公園地下停車場,均衡流動型
新北市,板橋區,國光公園,醫院周邊－雙尖峰高流動型
新北市,板橋區,國光里(國光路),醫院周邊－雙尖峰高流動型
新北市,板橋區,國慶路149巷口,醫院周邊－雙尖峰高流動型
新北市,板橋區,國泰街111巷口,醫院周邊－雙尖峰高流動型
新北市,板橋區,埔墘國小,均衡流動型
新北市,板橋區,埤墘公園,均衡流動型
新北市,板橋區,夢奇地公園(文化路一段),均衡流動型
新北市,板橋區,大明街20巷19弄口,醫院周邊－雙尖峰高流動型
新北市,板橋區,大觀國中,均衡流動型
新北市,板橋區,大觀段平面停車場,平穩低波動型
新北市,板橋區,大觀路一段75巷,平穩低波動型
新北市,板橋區,大觀路二段19巷,均衡流動型
新北市,板橋區,大觀路二段1巷,平穩低波動型
新北市,板橋區,大觀路二段265巷3弄口,醫院周邊－雙尖峰高流動型
新北市,板橋區,崑崙公園,均衡流動型
新北市,板橋區,崑崙活力廣場,均衡流動型
新北市,板橋區,府中汽車停車場,醫院周邊－雙尖峰高流動型
新北市,板橋區,府中立體停車場,醫院周邊－雙尖峰高流動型
新北市,板橋區,廣福公園,平穩低波動型
新北市,板橋區,後埔國小,醫院周邊－雙尖峰高流動型
新北市,板橋區,後埔國小(實踐路/重慶路155巷口),均衡流動型
新北市,板橋區,忠孝國中,均衡流動型
新北市,板橋區,忠孝國中地下停車場,醫院周邊－雙尖峰高流動型
新北市,板橋區,懷德街233巷(環翠社區),均衡流動型
新北市,板橋區,懷石公園,醫院周邊－雙尖峰高流動型
新北市,板橋區,振義里公園,均衡流動型
新北市,板橋區,捷運亞東醫院站(2號出口),醫院周邊－雙尖峰高流動型
新北市,板橋區,捷運亞東醫院站(3號出口),均衡流動型
新北市,板橋區,捷運府中站(1號出口),均衡流動型
新北市,板橋區,捷運府中站(3號出口),醫院周邊－雙尖峰高流動型
新北市,板橋區,捷運新埔民生站,平穩低波動型
新北市,板橋區,捷運新埔站(1號出口),均衡流動型
新北市,板橋區,捷運新埔站(2號出口),均衡流動型
新北市,板橋區,捷運新埔站(3號出口),醫院周邊－雙尖峰高流動型
新北市,板橋區,捷運新埔站(4號出口),均衡流動型
新北市,板橋區,捷運新埔站(5號出口),均衡流動型
新北市,板橋區,捷運板新站,均衡流動型
新北市,板橋區,捷運板橋站(1號出口),均衡流動型
新北市,板橋區,捷運板橋站(3號出口),均衡流動型
新北市,板橋區,捷運江子翠站(1號出口),醫院周邊－雙尖峰高流動型
新北市,板橋區,捷運江子翠站(2號出口),醫院周邊－雙尖峰高流動型
新北市,板橋區,捷運江子翠站(3號出口),均衡流動型
新北市,板橋區,捷運江子翠站(4號出口),醫院周邊－雙尖峰高流動型
新北市,板橋區,捷運江子翠站(5號出口),均衡流動型
新北市,板橋區,捷運江子翠站(6號出口),醫院周邊－雙尖峰高流動型
新北市,板橋區,捷運環狀線板橋站(5號出口),均衡流動型
新北市,板橋區,文丘公園,平穩低波動型
新北市,板橋區,文化懷德街口,均衡流動型
新北市,板橋區,文化路一段212巷口,醫院周邊－雙尖峰高流動型
新北市,板橋區,文化路二段182巷1弄,均衡流動型
新北市,板橋區,文德國小(公館街),均衡流動型
新北市,板橋區,文德新海路口,醫院周邊－雙尖峰高流動型
新北市,板橋區,文聖國小(松柏街50巷),醫院周邊－雙尖峰高流動型
新北市,板橋區,新北市政府(新府路),均衡流動型
新北市,板橋區,新北市政府(新站路),均衡流動型
新北市,板橋區,新北市政府板橋分局沙崙派出所,醫院周邊－雙尖峰高流動型
新北市,板橋區,新北市立圖書館總館,均衡流動型
新北市,板橋區,新北市藝文中心,均衡流動型
新北市,板橋區,新北市藝文中心(文化路二段124巷),均衡流動型
新北市,板橋區,新崑公園,均衡流動型
新北市,板橋區,新府區運路口,均衡流動型
新北市,板橋區,新月二綠堤街口,醫院周邊－雙尖峰高流動型
新北市,板橋區,新民民族路口,醫院周邊－雙尖峰高流動型
新北市,板橋區,新海抽水站停車場,平穩低波動型
新北市,板橋區,新海長江路口,平穩低波動型
新北市,板橋區,時光公園,平穩低波動型
新北市,板橋區,松柏街15巷口,醫院周邊－雙尖峰高流動型
新北市,板橋區,松柏街50巷90弄口,醫院周邊－雙尖峰高流動型
新北市,板橋區,板新中山路一段口,醫院周邊－雙尖峰高流動型
新北市,板橋區,板林溪北路口,均衡流動型
新北市,板橋區,板樹體育館,平穩低波動型
新北市,板橋區,板橋435藝文特區,平穩低波動型
新北市,板橋區,板橋435藝文特區(環河西路),平穩低波動型
新北市,板橋區,板橋中山公園,均衡流動型
新北市,板橋區,板橋仁愛公園,均衡流動型
新北市,板橋區,板橋信義公園,均衡流動型
新北市,板橋區,板橋公車站,均衡流動型
新北市,板橋區,板橋和平公園,均衡流動型
新北市,板橋區,板橋四維公園,均衡流動型
新北市,板橋區,板橋國中,均衡流動型
新北市,板橋區,板橋國小,醫院周邊－雙尖峰高流動型
新北市,板橋區,板橋國民運動中心,均衡流動型
新北市,板橋區,板橋地政事務所,均衡流動型
新北市,板橋區,板橋戶政事務所,醫院周邊－雙尖峰高流動型
新北市,板橋區,板橋戶政事務所海山辦事處,均衡流動型
新北市,板橋區,板橋果菜批發市場,平穩低波動型
新北市,板橋區,板橋真武廟,平穩低波動型
新北市,板橋區,板橋福德公園,均衡流動型
新北市,板橋區,板橋第一運動場,均衡流動型
新北市,板橋區,板橋第二運動場(皇翔建設),均衡流動型
新北市,板橋區,板橋車站,均衡流動型
新北市,板橋區,板橋車站(新站路),醫院周邊－雙尖峰高流動型
新北市,板橋區,板橋重慶公園,均衡流動型
新北市,板橋區,林本源園邸,均衡流動型
新北市,板橋區,民族路225巷,醫院周邊－雙尖峰高流動型
新北市,板橋區,民治街81巷,醫院周邊－雙尖峰高流動型
新北市,板橋區,民生中山路口,醫院周邊－雙尖峰高流動型
新北市,板橋區,民生公園,均衡流動型
新北市,板橋區,民生縣民大道口(東南側),均衡流動型
新北市,板橋區,民生路二段/文化路一段286巷口,醫院周邊－雙尖峰高流動型
新北市,板橋區,民生路二段226巷8弄,均衡流動型
新北市,板橋區,民生長江路口,均衡流動型
新北市,板橋區,永安公園,均衡流動型
新北市,板橋區,永翠藝文街口(大禾社區),均衡流動型
新北市,板橋區,永翠藝文街口(柏克萊公園社區),均衡流動型
新北市,板橋區,永豐公園活動中心,醫院周邊－雙尖峰高流動型
新北市,板橋區,江翠國中,均衡流動型
新北市,板橋區,江翠國中活動中心地下停車場,醫院周邊－雙尖峰高流動型
新北市,板橋區,江翠國小,均衡流動型
新北市,板橋區,浮洲合宜住宅(合安一合宜路口),均衡流動型
新北市,板橋區,浮洲合宜住宅(合安一路),均衡流動型
新北市,板橋區,浮洲合宜住宅(合宜一合宜路口),平穩低波動型
新北市,板橋區,浮洲合宜住宅(合宜一路),均衡流動型
新北市,板橋區,浮洲合宜住宅(樂群路),均衡流動型
新北市,板橋區,浮洲火車站,均衡流動型
新北市,板橋區,浮洲運動公園,平穩低波動型
新北市,板橋區,海山高中,均衡流動型
新北市,板橋區,海山高中(漢生東路),均衡流動型
新北市,板橋區,港嘴活動中心,均衡流動型
新北市,板橋區,港德攤集區(中正路236巷),醫院周邊－雙尖峰高流動型
新北市,板橋區,湳仔二橋,平穩低波動型
新北市,板橋區,湳仔溝抽水站,平穩低波動型
新北市,板橋區,湳雅夜市停車場,醫院周邊－雙尖峰高流動型
新北市,板橋區,湳雅觀光夜市(津渡橋),均衡流動型
新北市,板橋區,溪北公園,均衡流動型
新北市,板橋區,溪城金門街口,醫院周邊－雙尖峰高流動型
新北市,板橋區,溪洲公園停車場,平穩低波動型
新北市,板橋區,溪頭公園,均衡流動型
新北市,板橋區,漢生東路193巷口,醫院周邊－雙尖峰高流動型
新北市,板橋區,潤泰社區,均衡流動型
新北市,板橋區,玫瑰公園,醫院周邊－雙尖峰高流動型
新北市,板橋區,環河公園,平穩低波動型
新北市,板橋區,環河西大漢街口,均衡流動型
新北市,板橋區,環河西新月一街口(新月天地社區),平穩低波動型
新北市,板橋區,環河西華江六路口(翠亨村社區),均衡流動型
新北市,板橋區,生態北公園,醫院周邊－雙尖峰高流動型
新北市,板橋區,生態南公園,均衡流動型
新北市,板橋區,田單北街/懷德街201巷(一川社區),均衡流動型
新北市,板橋區,石雕公園,均衡流動型
新北市,板橋區,稚匯公園(華江三路),均衡流動型
新北市,板橋區,縣民大道三段270巷口,醫院周邊－雙尖峰高流動型
新北市,板橋區,縣民富山街口,醫院周邊－雙尖峰高流動型
新北市,板橋區,縣民板城路口,均衡流動型
新北市,板橋區,縣民民族路口,均衡流動型
新北市,板橋區,縣民民生路口,醫院周邊－雙尖峰高流動型
新北市,板橋區,縣民漢生東路口,均衡流動型
新北市,板橋區,縣民漢生東路口(西北側),醫院周邊－雙尖峰高流動型
新北市,板橋區,縣民觀光街口,醫院周邊－雙尖峰高流動型
新北市,板橋區,聖若望平面停車場,平穩低波動型
新北市,板橋區,聯合醫院板橋院區,醫院周邊－雙尖峰高流動型
新北市,板橋區,致理科技大學,醫院周邊－雙尖峰高流動型
新北市,板橋區,臺灣藝術大學,均衡流動型
新北市,板橋區,莊敬公園,均衡流動型
新北市,板橋區,莊敬路25巷口,均衡流動型
新北市,板橋區,莒光國小,均衡流動型
新北市,板橋區,華中公園,平穩低波動型
新北市,板橋區,華德公園,均衡流動型
新北市,板橋區,華德公園平面停車場,醫院周邊－雙尖峰高流動型
新北市,板橋區,華江一華江九路口,均衡流動型
新北市,板橋區,華江一華江二路口(吾界社區),均衡流動型
新北市,板橋區,華江一華江二路口(江匯Life社區),均衡流動型
新北市,板橋區,華江一華江五路口(雙江翠社區),均衡流動型
新北市,板橋區,華江一華江六路口(仰真社區),均衡流動型
新北市,板橋區,華江九華江一路口(匯翠社區),醫院周邊－雙尖峰高流動型
新北市,板橋區,華江二華江一路口(帝國花園廣場社區),均衡流動型
新北市,板橋區,華江五華江一路口(帝國花園廣場社區),均衡流動型
新北市,板橋區,華江公園,醫院周邊－雙尖峰高流動型
新北市,板橋區,華江橋自行車牽引道,平穩低波動型
新北市,板橋區,萬板文聖街口,均衡流動型
新北市,板橋區,萬板高架橋下停車場,均衡流動型
新北市,板橋區,藝文一永翠路口,均衡流動型
新北市,板橋區,藝文二永翠路口(青峰社區),均衡流動型
新北市,板橋區,藝文藝文二街口(大悅社區),均衡流動型
新北市,板橋區,西安市民活動中心,均衡流動型
新北市,板橋區,重慶國小,均衡流動型
新北市,板橋區,重慶國小(和平路101巷),醫院周邊－雙尖峰高流動型
新北市,板橋區,重慶路89巷,醫院周邊－雙尖峰高流動型
新北市,板橋區,長安街251巷,醫院周邊－雙尖峰高流動型
新北市,板橋區,雙十萬板路口,均衡流動型
新北市,板橋區,音樂公園,均衡流動型
新北市,板橋區,香社一藝文街口(歡喜市社區),均衡流動型
新北市,板橋區,馥華公園,均衡流動型
新北市,板橋區,黃石中繼市場,均衡流動型
新北市,林口區,三井Outlet,均衡流動型
新北市,林口區,中山佳林路口,平穩低波動型
新北市,林口區,中山文化二路口,醫院周邊－雙尖峰高流動型
新北市,林口區,井泉公園,平穩低波動型
新北市,林口區,仁愛文化二路口,均衡流動型
新北市,林口區,佳林國中(文化一路),平穩低波動型
新北市,林口區,信義文化三路口,平穩低波動型
新北市,林口區,八德文化三路口,均衡流動型
新北市,林口區,八德路500巷,平穩低波動型
新北市,林口區,力行公園,醫院周邊－雙尖峰高流動型
新北市,林口區,南勢六街81巷口,平穩低波動型
新北市,林口區,南勢國中,平穩低波動型
新北市,林口區,南勢市民活動中心,平穩低波動型
新北市,林口區,四維文化一路口,平穩低波動型
新北市,林口區,四維文化二路口,醫院周邊－雙尖峰高流動型
新北市,林口區,國家檔案館,醫院周邊－雙尖峰高流動型
新北市,林口區,國家檔案館(文化一路),均衡流動型
新北市,林口區,國立師範大學林口校區,均衡流動型
新北市,林口區,大崙公園,平穩低波動型
新北市,林口區,宗北公園,平穩低波動型
新北市,林口區,富貴森林公園,平穩低波動型
新北市,林口區,崇林國中,平穩低波動型
新北市,林口區,師大林口校區正樓後,平穩低波動型
新北市,林口區,師大林口校區行政大樓,醫院周邊－雙尖峰高流動型
新北市,林口區,師大林口校區誠樓前,醫院周邊－雙尖峰高流動型
新北市,林口區,師大林口校區體育館前,平穩低波動型
新北市,林口區,廣停二停車場,醫院周邊－雙尖峰高流動型
新北市,林口區,忠孝二文化二路口,醫院周邊－雙尖峰高流動型
新北市,林口區,忠孝公園路口,醫院周邊－雙尖峰高流動型
新北市,林口區,忠福南勢一街口,平穩低波動型
新北市,林口區,扶輪公園,均衡流動型
新北市,林口區,扶輪公園(忠孝路),平穩低波動型
新北市,林口區,捷運林口站(1號出口),均衡流動型
新北市,林口區,文化一路一段190巷口,醫院周邊－雙尖峰高流動型
新北市,林口區,文化一路一段91巷口,均衡流動型
新北市,林口區,文化一麗園路2巷口,平穩低波動型
新北市,林口區,文化三四維路口,平穩低波動型
新北市,林口區,文化三路一段203號前,均衡流動型
新北市,林口區,文化三路一段249巷,醫院周邊－雙尖峰高流動型
新北市,林口區,文化三路一段447巷口,醫院周邊－雙尖峰高流動型
新北市,林口區,文化二路一段260巷口,醫院周邊－雙尖峰高流動型
新北市,林口區,文化二路一段68巷口,均衡流動型
新北市,林口區,文化北中華路口,平穩低波動型
新北市,林口區,文化北忠孝一路口,平穩低波動型
新北市,林口區,文化北路一段412巷口,平穩低波動型
新北市,林口區,文化廣場,均衡流動型
新北市,林口區,文林公園,平穩低波動型
新北市,林口區,新北市林口行政園區,均衡流動型
新北市,林口區,新林國小,平穩低波動型
新北市,林口區,新麗園社區,均衡流動型
新北市,林口區,東明一街121巷,平穩低波動型
新北市,林口區,東明公園(興林路221巷),平穩低波動型
新北市,林口區,松柏公園,平穩低波動型
新北市,林口區,林口仁愛公共托育中心,平穩低波動型
新北市,林口區,林口區停三停車場,醫院周邊－雙尖峰高流動型
新北市,林口區,林口區公所,平穩低波動型
新北市,林口區,林口吉祥公園,平穩低波動型
新北市,林口區,林口國小,平穩低波動型
新北市,林口區,林口國民運動中心,平穩低波動型
新北市,林口區,林口國民運動中心(文化三路),平穩低波動型
新北市,林口區,林口夜市(中山路),平穩低波動型
新北市,林口區,林口婦幼公園,平穩低波動型
新北市,林口區,林口廣停一停車場,平穩低波動型
新北市,林口區,林口新創園,均衡流動型
新北市,林口區,林口東湖國小,平穩低波動型
新北市,林口區,林口社區運動公園,均衡流動型
新北市,林口區,林口社區運動公園(公園路),均衡流動型
新北市,林口區,林口老街,醫院周邊－雙尖峰高流動型
新北市,林口區,林口自強公園,醫院周邊－雙尖峰高流動型
新北市,林口區,林口轉運站,均衡流動型
新北市,林口區,林口郵局,醫院周邊－雙尖峰高流動型
新北市,林口區,林口高中,均衡流動型
新北市,林口區,林口高中(四維路),均衡流動型
新北市,林口區,樂活公園,平穩低波動型
新北市,林口區,樂活公園(文化一路),平穩低波動型
新北市,林口區,民享中山路口,平穩低波動型
新北市,林口區,民族仁愛路口,醫院周邊－雙尖峰高流動型
新北市,林口區,民族忠孝路口,平穩低波動型
新北市,林口區,民視數位媒體總部,平穩低波動型
新北市,林口區,湖北市民活動中心,平穩低波動型
新北市,林口區,湖南市民活動中心,平穩低波動型
新北市,林口區,湖子和福宮,平穩低波動型
新北市,林口區,立功公園,醫院周邊－雙尖峰高流動型
新北市,林口區,立德公園,平穩低波動型
新北市,林口區,立言公園,平穩低波動型
新北市,林口區,竹林一文化一路口,平穩低波動型
新北市,林口區,竹林山觀音寺,平穩低波動型
新北市,林口區,築禾樂社區,平穩低波動型
新北市,林口區,興林路151巷口,平穩低波動型
新北市,林口區,西林簡易籃球場,醫院周邊－雙尖峰高流動型
新北市,林口區,足夢運動公園,醫院周邊－雙尖峰高流動型
新北市,林口區,醒吾科技大學(粉寮路),平穩低波動型
新北市,林口區,頭湖國小,平穩低波動型
新北市,林口區,麗林公有市場,醫院周邊－雙尖峰高流動型
新北市,樹林區,三俊街65巷口,醫院周邊－雙尖峰高流動型
新北市,樹林區,三多國小,均衡流動型
新北市,樹林區,三多第1市民活動中心,醫院周邊－雙尖峰高流動型
新北市,樹林區,三鶯分區區務辦公室,平穩低波動型
新北市,樹林區,中山八德街口,均衡流動型
新北市,樹林區,中山大安路口,平穩低波動型
新北市,樹林區,中山新興街口,平穩低波動型
新北市,樹林區,中山立仁街口,均衡流動型
新北市,樹林區,中正保安街三段口,醫院周邊－雙尖峰高流動型
新北市,樹林區,中正千歲街口,平穩低波動型
新北市,樹林區,中正路248巷口,醫院周邊－雙尖峰高流動型
新北市,樹林區,中華路12巷口,均衡流動型
新北市,樹林區,中華路379巷口,平穩低波動型
新北市,樹林區,佳園大成路口,平穩低波動型
新北市,樹林區,佳園學成路口,平穩低波動型
新北市,樹林區,佳園路三段101巷80弄口,平穩低波動型
新北市,樹林區,俊興三龍街口,均衡流動型
新北市,樹林區,俊興俊安街口,平穩低波動型
新北市,樹林區,俊英俊保路口,均衡流動型
新北市,樹林區,俊英大安路口,平穩低波動型
新北市,樹林區,俊英街125巷口,醫院周邊－雙尖峰高流動型
新北市,樹林區,俊英街219巷口,平穩低波動型
新北市,樹林區,保安立體停車場,醫院周邊－雙尖峰高流動型
新北市,樹林區,億光電子(樹林高中),均衡流動型
新北市,樹林區,光華公園,平穩低波動型
新北市,樹林區,全球傳動科技公司,均衡流動型
新北市,樹林區,八德中華路口,平穩低波動型
新北市,樹林區,八德街東豐街口,平穩低波動型
新北市,樹林區,南樹林火車站,醫院周邊－雙尖峰高流動型
新北市,樹林區,味王街,均衡流動型
新北市,樹林區,四維八德街口,平穩低波動型
新北市,樹林區,四維國凱街口(立天下社區),均衡流動型
新北市,樹林區,大同國小,平穩低波動型
新北市,樹林區,大安文化街口,均衡流動型
新北市,樹林區,大成學士路口,平穩低波動型
新北市,樹林區,大雅佳園路口,平穩低波動型
新北市,樹林區,學勤大有路口,平穩低波動型
新北市,樹林區,學府大成路口,平穩低波動型
新北市,樹林區,學府大雅路口,醫院周邊－雙尖峰高流動型
新北市,樹林區,學成大成路口,平穩低波動型
新北市,樹林區,學成大義路口,平穩低波動型
新北市,樹林區,山佳火車站,平穩低波動型
新北市,樹林區,彭厝市場,醫院周邊－雙尖峰高流動型
新北市,樹林區,彭厝里(福順街),平穩低波動型
新北市,樹林區,彭福國小,平穩低波動型
新北市,樹林區,文林國小,醫院周邊－雙尖峰高流動型
新北市,樹林區,文林國小(潭興街),平穩低波動型
新北市,樹林區,新北市立圖書館樹林東昇分館,平穩低波動型
新北市,樹林區,東大街,平穩低波動型
新北市,樹林區,東興街,平穩低波動型
新北市,樹林區,東豐街85巷口,平穩低波動型
新北市,樹林區,東陽市民活動中心,平穩低波動型
新北市,樹林區,東順街36巷口,平穩低波動型
新北市,樹林區,柑園五里聯合活動中心,平穩低波動型
新北市,樹林區,柑園國小,平穩低波動型
新北市,樹林區,柑園街一段51巷口,平穩低波動型
新北市,樹林區,柑園街二段363巷口,平穩低波動型
新北市,樹林區,森林公園,平穩低波動型
新北市,樹林區,樹林區公所,醫院周邊－雙尖峰高流動型
新北市,樹林區,樹林區第三平面停車場,平穩低波動型
新北市,樹林區,樹林國小,醫院周邊－雙尖峰高流動型
新北市,樹林區,樹林國民運動中心,平穩低波動型
新北市,樹林區,樹林大安活動中心,均衡流動型
新北市,樹林區,樹林大安站,均衡流動型
新北市,樹林區,樹林工業區,平穩低波動型
新北市,樹林區,樹林火車站(後站),醫院周邊－雙尖峰高流動型
新北市,樹林區,樹林藝文綜合行政大樓,均衡流動型
新北市,樹林區,樹林藝文綜合行政大樓停車場,醫院周邊－雙尖峰高流動型
新北市,樹林區,民生親子公園,均衡流動型
新北市,樹林區,獇寮公園,醫院周邊－雙尖峰高流動型
新北市,樹林區,福順街,平穩低波動型
新北市,樹林區,育德國小,平穩低波動型
新北市,樹林區,臺鐵樹林車站(後站停車場),均衡流動型
新北市,樹林區,鎮前街347巷口,平穩低波動型
新北市,樹林區,長壽親子公園,均衡流動型
新北市,樹林區,鹿角溪公園,平穩低波動型
新北市,永和區,上林里(環河東路一段),均衡流動型
新北市,永和區,中信停車場(中興街),醫院周邊－雙尖峰高流動型
新北市,永和區,中山路一段17巷口,醫院周邊－雙尖峰高流動型
新北市,永和區,中正橋,平穩低波動型
新北市,永和區,中正橋(環河西路一段),均衡流動型
新北市,永和區,中正路242巷口,醫院周邊－雙尖峰高流動型
新北市,永和區,中正路465巷,醫院周邊－雙尖峰高流動型
新北市,永和區,中正路666巷口,火車站周邊－通勤到達型－高滿車風險
新北市,永和區,仁愛信義路口,醫院周邊－雙尖峰高流動型
新北市,永和區,仁愛公園,均衡流動型
新北市,永和區,仁愛公園(仁愛路),醫院周邊－雙尖峰高流動型
新北市,永和區,仁愛路306巷18弄口,醫院周邊－雙尖峰高流動型
新北市,永和區,仁愛路40巷口,醫院周邊－雙尖峰高流動型
新北市,永和區,保安保福路二段口,醫院周邊－雙尖峰高流動型
新北市,永和區,保安永平路口,均衡流動型
新北市,永和區,保平永和路一段口,醫院周邊－雙尖峰高流動型
新北市,永和區,保平路214巷,醫院周邊－雙尖峰高流動型
新北市,永和區,保平路268巷,醫院周邊－雙尖峰高流動型
新北市,永和區,保福保福路二段133巷口,醫院周邊－雙尖峰高流動型
新北市,永和區,保順環河西路口,均衡流動型
新北市,永和區,名利橋,均衡流動型
新北市,永和區,忠孝活動中心,均衡流動型
新北市,永和區,捷運頂溪站(2號出口),醫院周邊－雙尖峰高流動型
新北市,永和區,捷運頂溪站(中興街),醫院周邊－雙尖峰高流動型
新北市,永和區,捷運頂溪站(復興街1巷),醫院周邊－雙尖峰高流動型
新北市,永和區,民權社區活動中心,醫院周邊－雙尖峰高流動型
新北市,永和區,永和勵行街口,醫院周邊－雙尖峰高流動型
新北市,永和區,永和區公所公有新生市場,火車站周邊－通勤到達型－高滿車風險
新北市,永和區,永和國中(國中路),醫院周邊－雙尖峰高流動型
新北市,永和區,永和國小,均衡流動型
新北市,永和區,永和國民運動中心,均衡流動型
新北市,永和區,永和國父紀念館,醫院周邊－雙尖峰高流動型
新北市,永和區,永和耕莘醫院,均衡流動型
新北市,永和區,永和自由街,均衡流動型
新北市,永和區,永平高中,醫院周邊－雙尖峰高流動型
新北市,永和區,永成市民活動中心,平穩低波動型
新北市,永和區,永福橋,均衡流動型
新北市,永和區,永貞水源街口,醫院周邊－雙尖峰高流動型
新北市,永和區,環河民樂街59巷26弄口,醫院周邊－雙尖峰高流動型
新北市,永和區,環河西路一段95巷口,醫院周邊－雙尖峰高流動型
新北市,永和區,環河西路二段217巷口,醫院周邊－雙尖峰高流動型
新北市,永和區,瓦磘截流站,醫院周邊－雙尖峰高流動型
新北市,永和區,福和國中,均衡流動型
新北市,永和區,福和國中(永利路),醫院周邊－雙尖峰高流動型
新北市,永和區,福和國中停車場,均衡流動型
新北市,永和區,福和橋,醫院周邊－雙尖峰高流動型
新北市,永和區,福和自強街28巷口,醫院周邊－雙尖峰高流動型
新北市,永和區,福和路7巷口,醫院周邊－雙尖峰高流動型
新北市,永和區,秀得里(成功路二段),醫院周邊－雙尖峰高流動型
新北市,永和區,秀朗國小,均衡流動型
新北市,永和區,秀朗路二段24巷16弄24號,醫院周邊－雙尖峰高流動型
新北市,永和區,雙和公園,醫院周邊－雙尖峰高流動型
新北市,永和區,雙和橋,均衡流動型
新北市,永和區,頂溪國小,均衡流動型
新北市,永和區,頂溪國小地下停車場,醫院周邊－雙尖峰高流動型
新北市,汐止區,下街福德宮,平穩低波動型
新北市,汐止區,世貿國家公園社區,平穩低波動型
新北市,汐止區,中興工建路口,均衡流動型
新北市,汐止區,中興福德三路口,醫院周邊－雙尖峰高流動型
新北市,汐止區,中華街57巷口,平穩低波動型
新北市,汐止區,五堵橋下籃球場,平穩低波動型
新北市,汐止區,五堵火車站,均衡流動型
新北市,汐止區,五堵車站(長安路),平穩低波動型
新北市,汐止區,仁愛路151巷口,均衡流動型
新北市,汐止區,伯爵山莊第二期(康寧街),平穩低波動型
新北市,汐止區,保長公園,平穩低波動型
新北市,汐止區,保長路51巷口,平穩低波動型
新北市,汐止區,北港國小,平穩低波動型
新北市,汐止區,南興公園,均衡流動型
新北市,汐止區,原興廣場,平穩低波動型
新北市,汐止區,台灣科學園區,平穩低波動型
新北市,汐止區,台練橋,醫院周邊－雙尖峰高流動型
新北市,汐止區,同興大同路口,均衡流動型
新北市,汐止區,同興工建路口,平穩低波動型
新北市,汐止區,啟德橋(招商街),醫院周邊－雙尖峰高流動型
新北市,汐止區,國泰綜合醫院,均衡流動型
新北市,汐止區,大同建成路口,均衡流動型
新北市,汐止區,大同路三段148號,平穩低波動型
新北市,汐止區,崇德國小,均衡流動型
新北市,汐止區,崇德橋東活動中心,均衡流動型
新北市,汐止區,工建樟樹一路口,均衡流動型
新北市,汐止區,康寧街307巷,平穩低波動型
新北市,汐止區,康福公園,平穩低波動型
新北市,汐止區,建成段平面停車場,平穩低波動型
新北市,汐止區,建成路142巷口,均衡流動型
新北市,汐止區,忠山市民活動中心,平穩低波動型
新北市,汐止區,文化白雲公園,均衡流動型
新北市,汐止區,春之霖社區,平穩低波動型
新北市,汐止區,東勢宜興活動中心,平穩低波動型
新北市,汐止區,東方科學園區,均衡流動型
新北市,汐止區,樟樹一山光路口,平穩低波動型
新北市,汐止區,樟樹國小,均衡流動型
新北市,汐止區,樟樹國小(樟樹一路145巷口),醫院周邊－雙尖峰高流動型
新北市,汐止區,樟江大橋,平穩低波動型
新北市,汐止區,橋東里(忠孝東路),平穩低波動型
新北市,汐止區,民族二街明峰街口,平穩低波動型
新北市,汐止區,水蓮山莊,平穩低波動型
新北市,汐止區,水返腳公園,均衡流動型
新北市,汐止區,汐止公園,火車站周邊－通勤到達型－高滿車風險
新北市,汐止區,汐止區公所,平穩低波動型
新北市,汐止區,汐止區綜合運動場,均衡流動型
新北市,汐止區,汐止區農會附設老人活動中心,火車站周邊－通勤到達型－高滿車風險
新北市,汐止區,汐止國小,醫院周邊－雙尖峰高流動型
新北市,汐止區,汐止國民運動中心,醫院周邊－雙尖峰高流動型
新北市,汐止區,汐止國民運動中心游泳池(忠孝東路),醫院周邊－雙尖峰高流動型
新北市,汐止區,汐止火車站,均衡流動型
新北市,汐止區,汐止火車站停車場,均衡流動型
新北市,汐止區,汐科火車站(北),均衡流動型
新北市,汐止區,汐科火車站(南),均衡流動型
新北市,汐止區,汐萬康寧街口,平穩低波動型
新北市,汐止區,汐萬抽水站,平穩低波動型
新北市,汐止區,汐萬路一段343巷,平穩低波動型
新北市,汐止區,江北二橋,均衡流動型
新北市,汐止區,湖光市民活動中心,平穩低波動型
新北市,汐止區,濱湖大第(康寧街),平穩低波動型
新北市,汐止區,白雲國小,均衡流動型
新北市,汐止區,矽谷園區,均衡流動型
新北市,汐止區,福德一路201巷口(福德ONE社區),均衡流動型
新北市,汐止區,福德一路392巷41弄口,平穩低波動型
新北市,汐止區,福德一路392巷口,平穩低波動型
新北市,汐止區,福德二路19巷口,平穩低波動型
新北市,汐止區,秀峰國小(仁愛路106巷),醫院周邊－雙尖峰高流動型
新北市,汐止區,秀峰高中(忠孝東路),醫院周邊－雙尖峰高流動型
新北市,汐止區,茄苳茄福街口,平穩低波動型
新北市,汐止區,華城橋（康寧街61巷）,平穩低波動型
新北市,汐止區,蘭庭序大廈,平穩低波動型
新北市,汐止區,連興龍安路口,均衡流動型
新北市,汐止區,金龍公園,平穩低波動型
新北市,汐止區,金龍國小,平穩低波動型
新北市,汐止區,長安橋(吉祥街12巷),平穩低波動型
新北市,汐止區,長興橋,平穩低波動型
新北市,汐止區,長興街二段62號,醫院周邊－雙尖峰高流動型
新北市,汐止區,雍和科學園區,平穩低波動型
新北市,汐止區,青山國民中小學,均衡流動型
新北市,泰山區,台北花園廣場社區,平穩低波動型
新北市,泰山區,台貿三村停車場,平穩低波動型
新北市,泰山區,台麗街13巷,醫院周邊－雙尖峰高流動型
新北市,泰山區,同興公園,醫院周邊－雙尖峰高流動型
新北市,泰山區,山腳停車場,平穩低波動型
新北市,泰山區,捷運泰山站,醫院周邊－雙尖峰高流動型
新北市,泰山區,捷運泰山站(4號出口),醫院周邊－雙尖峰高流動型
新北市,泰山區,捷運泰山貴和站,醫院周邊－雙尖峰高流動型
新北市,泰山區,文中一平面停車場,平穩低波動型
新北市,泰山區,新五泰國民運動中心,醫院周邊－雙尖峰高流動型
新北市,泰山區,新北大道幸福路口(大道鎏域社區),平穩低波動型
新北市,泰山區,明志國小,平穩低波動型
新北市,泰山區,明志科技大學,均衡流動型
新北市,泰山區,明志貴鳳街口,平穩低波動型
新北市,泰山區,楓樹腳公園,平穩低波動型
新北市,泰山區,泰山國小,平穩低波動型
新北市,泰山區,泰山體育館,平穩低波動型
新北市,泰山區,泰山高中,均衡流動型
新北市,泰山區,義仁市民活動中心,醫院周邊－雙尖峰高流動型
新北市,泰山區,義學國小,平穩低波動型
新北市,泰山區,莊泰坡雅路口(沐光社區),平穩低波動型
新北市,泰山區,莊泰義東街口(新潤A5社區),平穩低波動型
新北市,泰山區,莊田信華三街口(潤見築社區),均衡流動型
新北市,泰山區,貴和市民活動中心,平穩低波動型
新北市,泰山區,貴子路36巷3弄口,醫院周邊－雙尖峰高流動型
新北市,淡水區,中山北新春街口,均衡流動型
新北市,淡水區,中正東路一段81巷,平穩低波動型
新北市,淡水區,中正淡海路口,平穩低波動型
新北市,淡水區,大庄一號公園,平穩低波動型
新北市,淡水區,大庄福德宮,平穩低波動型
新北市,淡水區,崁頂三後洲路一段路口,平穩低波動型
新北市,淡水區,崁頂三路,平穩低波動型
新北市,淡水區,崁頂市民活動中心,平穩低波動型
新北市,淡水區,崁頂林子福德宮,平穩低波動型
新北市,淡水區,捷運淡水站,均衡流動型
新北市,淡水區,捷運淡水站(中正東路),醫院周邊－雙尖峰高流動型
新北市,淡水區,捷運淡水站(中正鼻頭街口),醫院周邊－雙尖峰高流動型
新北市,淡水區,捷運竹圍站,均衡流動型
新北市,淡水區,捷運紅樹林站,平穩低波動型
新北市,淡水區,文中四公園,平穩低波動型
新北市,淡水區,文化機車立體停車場,均衡流動型
新北市,淡水區,新市一中山北路口,平穩低波動型
新北市,淡水區,新市一路一段256巷口,醫院周邊－雙尖峰高流動型
新北市,淡水區,新市一路一段331巷/義山路一段163巷口(東南側),平穩低波動型
新北市,淡水區,新市一路一段99巷口,平穩低波動型
新北市,淡水區,新市三崁頂三路口,平穩低波動型
新北市,淡水區,新市三崁頂五路口,平穩低波動型
新北市,淡水區,新市三義山路口,醫院周邊－雙尖峰高流動型
新北市,淡水區,新市二後洲路口,平穩低波動型
新北市,淡水區,新市二路三段/濱海路二段202巷口,平穩低波動型
新北市,淡水區,新市二路三段36巷口,平穩低波動型
新北市,淡水區,新市二路二段,平穩低波動型
新北市,淡水區,新市二路四段,平穩低波動型
新北市,淡水區,新市二路四段230巷,平穩低波動型
新北市,淡水區,新市五義山路口,均衡流動型
新北市,淡水區,新市六後洲路口,平穩低波動型
新北市,淡水區,新市國小,平穩低波動型
新北市,淡水區,新春街125巷(樂活绽社區),平穩低波動型
新北市,淡水區,新民新春街口,醫院周邊－雙尖峰高流動型
新北市,淡水區,新民街120巷,醫院周邊－雙尖峰高流動型
新北市,淡水區,新民街一段(台北灣社區),平穩低波動型
新北市,淡水區,正德國中,均衡流動型
新北市,淡水區,民族路33巷,平穩低波動型
新北市,淡水區,民權路3巷12弄口,平穩低波動型
新北市,淡水區,水碓立體停車場,醫院周邊－雙尖峰高流動型
新北市,淡水區,水管公園,平穩低波動型
新北市,淡水區,沙崙新民街口,平穩低波動型
新北市,淡水區,沙崙路151巷口,平穩低波動型
新北市,淡水區,沙崙路216巷口,平穩低波動型
新北市,淡水區,淡水中正路停車場,醫院周邊－雙尖峰高流動型
新北市,淡水區,淡水公23公園,平穩低波動型
新北市,淡水區,淡水國民運動中心,平穩低波動型
新北市,淡水區,淡水新市鎮兒童公園,平穩低波動型
新北市,淡水區,淡水老街廣場,醫院周邊－雙尖峰高流動型
新北市,淡水區,淡水行政中心,醫院周邊－雙尖峰高流動型
新北市,淡水區,淡江大學(水源街),醫院周邊－雙尖峰高流動型
新北市,淡水區,淡江教會文教中心,平穩低波動型
新北市,淡水區,淡海路182巷口,平穩低波動型
新北市,淡水區,淡金路38巷尾,醫院周邊－雙尖峰高流動型
新北市,淡水區,滬尾藝文休閒園區,平穩低波動型
新北市,淡水區,漁人碼頭,平穩低波動型
新北市,淡水區,濱海路一段111巷口(西側),平穩低波動型
新北市,淡水區,濱海路一段306巷60弄,平穩低波動型
新北市,淡水區,濱海路一段306巷9弄,平穩低波動型
新北市,淡水區,濱海路一段370號,平穩低波動型
新北市,淡水區,濱海路二段/濱海路二段202巷,平穩低波動型
新北市,淡水區,濱海路二段202巷,醫院周邊－雙尖峰高流動型
新北市,淡水區,程氏古厝,平穩低波動型
新北市,淡水區,竹圍公園,醫院周邊－雙尖峰高流動型
新北市,淡水區,竹圍國小,平穩低波動型
新北市,淡水區,竿蓁市民活動中心,平穩低波動型
新北市,淡水區,美麗新淡海影城,平穩低波動型
新北市,淡水區,義山新市一路口,平穩低波動型
新北市,淡水區,聖約翰科技大學,平穩低波動型
新北市,淡水區,臺北海洋科技大學,平穩低波動型
新北市,淡水區,衛教公園,平穩低波動型
新北市,淡水區,輕軌崁頂站,平穩低波動型
新北市,淡水區,輕軌崁頂站(西側),平穩低波動型
新北市,淡水區,輕軌新市一路站,平穩低波動型
新北市,淡水區,輕軌沙崙站,平穩低波動型
新北市,淡水區,輕軌淡水行政中心站,均衡流動型
新北市,淡水區,輕軌淡江大學站,均衡流動型
新北市,淡水區,輕軌淡海新市鎮站,平穩低波動型
新北市,淡水區,輕軌淡金北新站,平穩低波動型
新北市,淡水區,輕軌淡金鄧公站,平穩低波動型
新北市,淡水區,輕軌漁人碼頭站,平穩低波動型
新北市,淡水區,輕軌濱海沙崙站,平穩低波動型
新北市,淡水區,輕軌濱海義山站(西南側),醫院周邊－雙尖峰高流動型
新北市,淡水區,輕軌竿蓁林站,醫院周邊－雙尖峰高流動型
新北市,淡水區,輕軌紅樹林站,平穩低波動型
新北市,淡水區,鄧公路30巷,醫院周邊－雙尖峰高流動型
新北市,深坑區,埔新街61巷口,平穩低波動型
新北市,深坑區,東南科技大學,平穩低波動型
新北市,深坑區,深坑區公所(深坑老街),均衡流動型
新北市,深坑區,深坑國中,平穩低波動型
新北市,深坑區,深坑松柏街,平穩低波動型
新北市,深坑區,深坑雲鄉路,平穩低波動型
新北市,烏來區,烏來公車總站,火車站周邊－通勤到達型－高滿車風險
新北市,烏來區,烏來老街,火車站周邊－通勤到達型－高滿車風險
新北市,瑞芳區,三貂嶺隧道(金字橋),火車站周邊－通勤到達型－高滿車風險
新北市,瑞芳區,水湳洞停車場,火車站周邊－通勤到達型－高滿車風險
新北市,瑞芳區,深澳漁港,平穩低波動型
新北市,瑞芳區,深澳鐵道自行車八斗子站,火車站周邊－通勤到達型－高滿車風險
新北市,瑞芳區,猴硐火車站,火車站周邊－通勤到達型－高滿車風險
新北市,瑞芳區,瑞峰橋,均衡流動型
新北市,瑞芳區,瑞芳棒球場,平穩低波動型
新北市,瑞芳區,瑞芳火車站,平穩低波動型
新北市,瑞芳區,瑞芳運動公園,平穩低波動型
新北市,石碇區,淡蘭吊橋,火車站周邊－通勤到達型－高滿車風險
新北市,石碇區,烏塗窟聚福宮,火車站周邊－通勤到達型－高滿車風險
新北市,石碇區,石碇,火車站周邊－通勤到達型－高滿車風險
新北市,石門區,富基漁港,火車站周邊－通勤到達型－高滿車風險
新北市,石門區,白沙灣,火車站周邊－通勤到達型－高滿車風險
新北市,石門區,石門婚紗廣場,火車站周邊－通勤到達型－高滿車風險
新北市,石門區,石門風箏公園停車場,火車站周邊－通勤到達型－高滿車風險
新北市,石門區,草里,火車站周邊－通勤到達型－高滿車風險
新北市,萬里區,大鵬停車場,平穩低波動型
新北市,萬里區,獅子公園,火車站周邊－通勤到達型－高滿車風險
新北市,萬里區,翡翠灣,平穩低波動型
新北市,萬里區,翡翠灣停車場,火車站周邊－通勤到達型－高滿車風險
新北市,萬里區,萬里區行政中心,平穩低波動型
新北市,萬里區,野柳地質公園,火車站周邊－通勤到達型－高滿車風險
新北市,萬里區,龜吼停車場,火車站周邊－通勤到達型－高滿車風險
新北市,蘆洲區,三民中山一路口,醫院周邊－雙尖峰高流動型
新北市,蘆洲區,三民民族路口,平穩低波動型
新北市,蘆洲區,三民長榮路口,醫院周邊－雙尖峰高流動型
新北市,蘆洲區,三民高中(民權路),均衡流動型
新北市,蘆洲區,中山一和平路口,醫院周邊－雙尖峰高流動型
新北市,蘆洲區,中山二永安南路口,平穩低波動型
新北市,蘆洲區,中興復興路口,醫院周邊－雙尖峰高流動型
新北市,蘆洲區,九芎街90巷口,醫院周邊－雙尖峰高流動型
新北市,蘆洲區,仁愛廣場,醫院周邊－雙尖峰高流動型
新北市,蘆洲區,仁愛街70巷口,醫院周邊－雙尖峰高流動型
新北市,蘆洲區,光華長榮路口,醫院周邊－雙尖峰高流動型
新北市,蘆洲區,國立空中大學(中正路174巷口),醫院周邊－雙尖峰高流動型
新北市,蘆洲區,國道路二段88號,平穩低波動型
新北市,蘆洲區,彩虹兒童公園,平穩低波動型
新北市,蘆洲區,捷運三民高中站(1號出口),火車站周邊－通勤到達型－高滿車風險
新北市,蘆洲區,捷運三民高中站(2號出口),醫院周邊－雙尖峰高流動型
新北市,蘆洲區,捷運徐匯中學站(1號出口),醫院周邊－雙尖峰高流動型
新北市,蘆洲區,捷運蘆洲站,均衡流動型
新北市,蘆洲區,捷運蘆洲站(1號出口),醫院周邊－雙尖峰高流動型
新北市,蘆洲區,捷運蘆洲站(蘆洲捷運公園),平穩低波動型
新北市,蘆洲區,普庵寺,醫院周邊－雙尖峰高流動型
新北市,蘆洲區,林建生紀念圖書館,均衡流動型
新北市,蘆洲區,柳堤公園,均衡流動型
新北市,蘆洲區,正和中正路口,醫院周邊－雙尖峰高流動型
新北市,蘆洲區,民族路257巷/民族路327巷,均衡流動型
新北市,蘆洲區,民族路314巷口,醫院周邊－雙尖峰高流動型
新北市,蘆洲區,水河里活動中心,平穩低波動型
新北市,蘆洲區,永安兒童公園,醫院周邊－雙尖峰高流動型
新北市,蘆洲區,永安南路九芎街71巷口,平穩低波動型
新北市,蘆洲區,永安南路二段16巷口,平穩低波動型
新北市,蘆洲區,永安圖書館,平穩低波動型
新北市,蘆洲區,永安長安街131巷口,平穩低波動型
新北市,蘆洲區,永平公園,醫院周邊－雙尖峰高流動型
新北市,蘆洲區,永平公園(東南側),均衡流動型
新北市,蘆洲區,永康公園,醫院周邊－雙尖峰高流動型
新北市,蘆洲區,溪墘公園,醫院周邊－雙尖峰高流動型
新北市,蘆洲區,蘆洲三民公園,平穩低波動型
新北市,蘆洲區,蘆洲中原公園,均衡流動型
新北市,蘆洲區,蘆洲中山立體停車場,醫院周邊－雙尖峰高流動型
新北市,蘆洲區,蘆洲中路公園,均衡流動型
新北市,蘆洲區,蘆洲仁愛國小(水湳街),醫院周邊－雙尖峰高流動型
新北市,蘆洲區,蘆洲兒五公園,醫院周邊－雙尖峰高流動型
新北市,蘆洲區,蘆洲兒四公園,醫院周邊－雙尖峰高流動型
新北市,蘆洲區,蘆洲國民運動中心,均衡流動型
新北市,蘆洲區,蘆洲延平派出所,醫院周邊－雙尖峰高流動型
新北市,蘆洲區,蘆洲李宅古蹟,均衡流動型
新北市,蘆洲區,蘆洲環河公園,平穩低波動型
新北市,蘆洲區,蘆洲重陽大樓,平穩低波動型
新北市,蘆洲區,蘆洲鷺江停車場,醫院周邊－雙尖峰高流動型
新北市,蘆洲區,重陽公園,均衡流動型
新北市,蘆洲區,長榮路211巷口,醫院周邊－雙尖峰高流動型
新北市,蘆洲區,長興光華路186巷口,平穩低波動型
新北市,蘆洲區,鴨母港停車場,平穩低波動型
新北市,蘆洲區,鴨母港抽水站,平穩低波動型
新北市,蘆洲區,鷺江國中(長興路298巷),醫院周邊－雙尖峰高流動型
新北市,蘆洲區,鷺江廣場,醫院周邊－雙尖峰高流動型
新北市,貢寮區,澳底公園,平穩低波動型
新北市,貢寮區,貢寮區公所,均衡流動型
新北市,貢寮區,龍門運動公園,平穩低波動型
新北市,金山區,中山溫泉公園,平穩低波動型
新北市,金山區,中山環金路口,平穩低波動型
新北市,金山區,中角灣,火車站周邊－通勤到達型－高滿車風險
新北市,金山區,臺大醫院金山分院,平穩低波動型
新北市,金山區,金山八德街,平穩低波動型
新北市,金山區,金山立體停車場(中興路),平穩低波動型
新北市,金山區,金美國小,平穩低波動型
新北市,雙溪區,牡丹車站,火車站周邊－通勤到達型－高滿車風險
新北市,雙溪區,雙溪車站,火車站周邊－通勤到達型－高滿車風險
新北市,鶯歌區,三鶯水資源回收中心,平穩低波動型
新北市,鶯歌區,中正一仁愛路口,平穩低波動型
新北市,鶯歌區,中湖市民活動中心,平穩低波動型
新北市,鶯歌區,二橋派出所,平穩低波動型
新北市,鶯歌區,二橋虹橋公園,平穩低波動型
新北市,鶯歌區,光明橋,平穩低波動型
新北市,鶯歌區,光明育智路口,平穩低波動型
新北市,鶯歌區,公八停車場,均衡流動型
新北市,鶯歌區,北鶯停車場,平穩低波動型
新北市,鶯歌區,北鶯公園,平穩低波動型
新北市,鶯歌區,南雅育智路口,平穩低波動型
新北市,鶯歌區,國中二甲路口,平穩低波動型
新北市,鶯歌區,國中高職東街口,平穩低波動型
新北市,鶯歌區,國際一路112巷口,平穩低波動型
新北市,鶯歌區,國際二國際一路口,平穩低波動型
新北市,鶯歌區,尖山公園,平穩低波動型
新北市,鶯歌區,尖山國中,平穩低波動型
新北市,鶯歌區,尖山路高厝巷口,平穩低波動型
新北市,鶯歌區,建國中正一路口(北鶯社區),平穩低波動型
新北市,鶯歌區,建國國小,平穩低波動型
新北市,鶯歌區,文化館前路口,平穩低波動型
新北市,鶯歌區,新北市立圖書館鶯歌分館,平穩低波動型
新北市,鶯歌區,新北市立鶯歌高級工商職業學校,均衡流動型
新北市,鶯歌區,新鳳公園,醫院周邊－雙尖峰高流動型
新北市,鶯歌區,永吉國小,平穩低波動型
新北市,鶯歌區,永和街65巷口,平穩低波動型
新北市,鶯歌區,永昌里兒一公園,平穩低波動型
新北市,鶯歌區,礫間停車場,平穩低波動型
新北市,鶯歌區,育英建國路口,醫院周邊－雙尖峰高流動型
新北市,鶯歌區,臺鐵鳳鳴站,醫院周邊－雙尖峰高流動型
新北市,鶯歌區,臺鐵鳳鳴站(鶯歌路),均衡流動型
新北市,鶯歌區,鳳一鳳吉一街口,平穩低波動型
新北市,鶯歌區,鳳七鶯歌路口,平穩低波動型
新北市,鶯歌區,鳳三龍七路口,平穩低波動型
新北市,鶯歌區,鳳五路122號前,平穩低波動型
新北市,鶯歌區,鳳吉四鳳七路口(捷士匯社區),平穩低波動型
新北市,鶯歌區,鳳祥公園,平穩低波動型
新北市,鶯歌區,鳳福公園,平穩低波動型
新北市,鶯歌區,鳳福鳳三路口,平穩低波動型
新北市,鶯歌區,鳳鳴國小,平穩低波動型
新北市,鶯歌區,鳳鳴機器人公園,平穩低波動型
新北市,鶯歌區,鶯歌國中,均衡流動型
新北市,鶯歌區,鶯歌國民運動中心,平穩低波動型
新北市,鶯歌區,鶯歌永利街,平穩低波動型
新北市,鶯歌區,鶯歌火車站(仁愛路),均衡流動型
新北市,鶯歌區,鶯歌火車站(仁愛路62號),均衡流動型
新北市,鶯歌區,鶯歌火車站(文化路),平穩低波動型
新北市,鶯歌區,鶯歌老街第二停車場,平穩低波動型
新北市,鶯歌區,鶯歌陶瓷博物館,平穩低波動型
新北市,鶯歌區,鶯歌陶瓷老街,平穩低波動型
新北市,鶯歌區,龍三鳳鳴路口,醫院周邊－雙尖峰高流動型
新北市,鶯歌區,龍五鳳七路口,平穩低波動型
新北市,鶯歌區,龍鳳夜市,平穩低波動型
